Time,Estimated Precipitation
1 Jan 1983,0.0
2 Jan 1983,0.0
3 Jan 1983,0.0
10 Jan 1983,0.0
11 Jan 1983,0.0
12 Jan 1983,0.0
13 Jan 1983,0.0
14 Jan 1983,0.0
15 Jan 1983,0.0
23 Jan 1983,0.0
29 Jan 1983,0.0
1 Feb 1983,0.274834
2 Feb 1983,0.0
3 Feb 1983,0.0
4 Feb 1983,0.0
5 Feb 1983,0.0
6 Feb 1983,0.0
7 Feb 1983,0.0
8 Feb 1983,0.0
9 Feb 1983,0.0
10 Feb 1983,0.0
12 Feb 1983,0.0
13 Feb 1983,0.0
14 Feb 1983,3.795305
16 Feb 1983,0.0
17 Feb 1983,0.0
19 Feb 1983,0.0
20 Feb 1983,0.0
21 Feb 1983,0.0
22 Feb 1983,0.0
23 Feb 1983,0.0
24 Feb 1983,0.0
25 Feb 1983,0.0
26 Feb 1983,0.0
27 Feb 1983,0.0
28 Feb 1983,0.0
1 Mar 1983,0.0
2 Mar 1983,0.0
3 Mar 1983,0.0
4 Mar 1983,0.0
5 Mar 1983,0.0
6 Mar 1983,0.0
7 Mar 1983,0.0
8 Mar 1983,0.0
9 Mar 1983,0.0
10 Mar 1983,0.0
11 Mar 1983,0.0
12 Mar 1983,0.0
13 Mar 1983,0.0
14 Mar 1983,0.0
15 Mar 1983,0.0
16 Mar 1983,0.0
17 Mar 1983,0.0
18 Mar 1983,0.0
19 Mar 1983,0.0
20 Mar 1983,0.0
21 Mar 1983,0.0
22 Mar 1983,0.0
23 Mar 1983,0.0
24 Mar 1983,0.0
25 Mar 1983,0.0
26 Mar 1983,0.0
27 Mar 1983,0.0
28 Mar 1983,0.0
29 Mar 1983,0.0
31 Mar 1983,0.0
1 Apr 1983,0.0
2 Apr 1983,0.0
3 Apr 1983,0.0
4 Apr 1983,0.0
5 Apr 1983,0.0
6 Apr 1983,0.5346292
7 Apr 1983,0.0
9 Apr 1983,0.0
10 Apr 1983,0.0
11 Apr 1983,0.0
12 Apr 1983,0.0
13 Apr 1983,0.0
14 Apr 1983,0.0
15 Apr 1983,4.078661
16 Apr 1983,0.0
17 Apr 1983,5.127738
18 Apr 1983,1.99605
19 Apr 1983,10.29646
20 Apr 1983,0.0
21 Apr 1983,0.0
22 Apr 1983,0.0
23 Apr 1983,9.324603
24 Apr 1983,0.0
1 May 1983,0.9749582
2 May 1983,0.0
3 May 1983,0.0
4 May 1983,0.0
5 May 1983,3.458126
6 May 1983,0.6552836
7 May 1983,0.0
8 May 1983,3.130069
9 May 1983,0.0
10 May 1983,0.0
11 May 1983,0.0
12 May 1983,0.0
13 May 1983,0.0
14 May 1983,0.0
15 May 1983,0.0
16 May 1983,0.0
17 May 1983,0.0
18 May 1983,0.0
19 May 1983,0.0
20 May 1983,0.0
21 May 1983,0.0
22 May 1983,0.0
23 May 1983,0.0
24 May 1983,18.12616
25 May 1983,0.0
26 May 1983,2.561302
27 May 1983,0.0
28 May 1983,0.0
29 May 1983,0.0
30 May 1983,0.0
31 May 1983,0.0
1 Jun 1983,0.0
2 Jun 1983,0.0
3 Jun 1983,0.0
4 Jun 1983,0.0
5 Jun 1983,0.0
6 Jun 1983,0.0
7 Jun 1983,0.0
8 Jun 1983,0.0
9 Jun 1983,0.0
10 Jun 1983,0.0
11 Jun 1983,0.0
12 Jun 1983,0.0
13 Jun 1983,0.0
15 Jun 1983,0.0
16 Jun 1983,0.0
17 Jun 1983,0.0
19 Jun 1983,0.0
20 Jun 1983,0.0
21 Jun 1983,0.0
22 Jun 1983,0.0
23 Jun 1983,0.0
24 Jun 1983,0.0
25 Jun 1983,0.0
26 Jun 1983,0.0
27 Jun 1983,0.0
28 Jun 1983,0.0
29 Jun 1983,0.0
2 Jul 1983,0.0
3 Jul 1983,0.0
4 Jul 1983,0.0
5 Jul 1983,0.0
6 Jul 1983,0.0
7 Jul 1983,0.0
8 Jul 1983,0.0
9 Jul 1983,0.0
10 Jul 1983,0.0
11 Jul 1983,0.0
13 Jul 1983,0.0
14 Jul 1983,0.0
15 Jul 1983,0.0
17 Jul 1983,0.0
18 Jul 1983,0.0
19 Jul 1983,0.0
21 Jul 1983,0.0
23 Jul 1983,0.0
24 Jul 1983,0.0
25 Jul 1983,0.0
26 Jul 1983,0.0
27 Jul 1983,0.0
28 Jul 1983,0.0
29 Jul 1983,0.0
30 Jul 1983,0.0
31 Jul 1983,0.0
1 Aug 1983,0.0
2 Aug 1983,0.0
3 Aug 1983,0.0
4 Aug 1983,0.0
5 Aug 1983,0.0
6 Aug 1983,0.0
7 Aug 1983,0.0
8 Aug 1983,0.0
9 Aug 1983,0.0
10 Aug 1983,0.0
11 Aug 1983,0.0
12 Aug 1983,0.0
13 Aug 1983,0.0
14 Aug 1983,0.0
15 Aug 1983,0.0
16 Aug 1983,0.0
17 Aug 1983,0.0
18 Aug 1983,0.0
19 Aug 1983,0.0
20 Aug 1983,0.0
21 Aug 1983,0.0
22 Aug 1983,0.0
23 Aug 1983,0.0
24 Aug 1983,0.0
25 Aug 1983,0.0
26 Aug 1983,0.0
27 Aug 1983,0.0
28 Aug 1983,0.0
29 Aug 1983,0.0
30 Aug 1983,0.0
31 Aug 1983,0.0
1 Sep 1983,0.0
2 Sep 1983,0.0
3 Sep 1983,0.0
4 Sep 1983,0.0
5 Sep 1983,0.0
6 Sep 1983,0.0
7 Sep 1983,0.0
8 Sep 1983,0.0
9 Sep 1983,0.0
10 Sep 1983,0.0
11 Sep 1983,0.0
12 Sep 1983,0.0
13 Sep 1983,0.0
15 Sep 1983,0.0
16 Sep 1983,0.0
17 Sep 1983,0.0
18 Sep 1983,0.0
19 Sep 1983,0.0
20 Sep 1983,0.0
21 Sep 1983,0.0
22 Sep 1983,0.0
23 Sep 1983,0.0
24 Sep 1983,0.0
25 Sep 1983,0.0
26 Sep 1983,0.0
27 Sep 1983,0.0
28 Sep 1983,0.0
29 Sep 1983,0.0
30 Sep 1983,0.0
1 Oct 1983,0.0
2 Oct 1983,0.0
3 Oct 1983,0.0
4 Oct 1983,0.0
5 Oct 1983,0.0
6 Oct 1983,0.0
7 Oct 1983,0.0
8 Oct 1983,0.0
9 Oct 1983,0.0
10 Oct 1983,0.0
11 Oct 1983,0.0
12 Oct 1983,0.0
13 Oct 1983,0.0
14 Oct 1983,0.0
15 Oct 1983,0.0
16 Oct 1983,0.0
17 Oct 1983,0.0
18 Oct 1983,0.0
19 Oct 1983,0.0
20 Oct 1983,0.0
21 Oct 1983,0.0
22 Oct 1983,0.3051515
23 Oct 1983,0.0
24 Oct 1983,0.0
25 Oct 1983,0.0
26 Oct 1983,0.0
27 Oct 1983,0.0
28 Oct 1983,0.0
29 Oct 1983,0.0
30 Oct 1983,0.0
31 Oct 1983,0.0
1 Nov 1983,0.0
3 Nov 1983,0.0
4 Nov 1983,9.40287
5 Nov 1983,0.0
6 Nov 1983,0.0
7 Nov 1983,0.0
8 Nov 1983,0.0
9 Nov 1983,0.0
10 Nov 1983,0.0
14 Nov 1983,0.0
15 Nov 1983,4.737102
16 Nov 1983,0.0
17 Nov 1983,0.0
18 Nov 1983,0.0
19 Nov 1983,0.0
20 Nov 1983,0.0
21 Nov 1983,0.0
22 Nov 1983,0.0
23 Nov 1983,0.0
24 Nov 1983,0.0
25 Nov 1983,0.0
26 Nov 1983,0.0
27 Nov 1983,0.0
28 Nov 1983,0.0
29 Nov 1983,0.0
30 Nov 1983,0.0
1 Dec 1983,0.0
2 Dec 1983,0.0
3 Dec 1983,0.0
4 Dec 1983,0.0
5 Dec 1983,0.0
6 Dec 1983,0.0
7 Dec 1983,0.0
8 Dec 1983,0.0
9 Dec 1983,0.0
10 Dec 1983,0.0
11 Dec 1983,0.0
12 Dec 1983,0.0
13 Dec 1983,0.0
14 Dec 1983,0.0
15 Dec 1983,0.0
16 Dec 1983,0.0
17 Dec 1983,0.0
18 Dec 1983,0.0
19 Dec 1983,0.0
20 Dec 1983,0.0
21 Dec 1983,0.0
22 Dec 1983,0.0
23 Dec 1983,0.0
24 Dec 1983,0.0
25 Dec 1983,0.0
26 Dec 1983,0.0
27 Dec 1983,0.0
28 Dec 1983,0.0
29 Dec 1983,0.0
30 Dec 1983,0.0
31 Dec 1983,0.0
1 Jan 1984,0.0
2 Jan 1984,0.0
3 Jan 1984,0.0
4 Jan 1984,0.0
5 Jan 1984,0.0
6 Jan 1984,0.0
7 Jan 1984,0.0
8 Jan 1984,0.0
9 Jan 1984,0.0
10 Jan 1984,0.0
12 Jan 1984,0.0
13 Jan 1984,0.0
14 Jan 1984,0.0
15 Jan 1984,0.0
16 Jan 1984,0.0
17 Jan 1984,0.0
18 Jan 1984,0.0
19 Jan 1984,0.0
20 Jan 1984,0.0
21 Jan 1984,0.0
22 Jan 1984,0.0
23 Jan 1984,0.0
24 Jan 1984,0.0
25 Jan 1984,0.0
26 Jan 1984,0.0
27 Jan 1984,0.0
28 Jan 1984,0.0
29 Jan 1984,0.0
30 Jan 1984,0.0
31 Jan 1984,0.0
1 Feb 1984,0.0
2 Feb 1984,0.0
3 Feb 1984,0.0
4 Feb 1984,0.0
5 Feb 1984,0.0
6 Feb 1984,0.0
8 Feb 1984,0.0
9 Feb 1984,0.0
10 Feb 1984,0.0
11 Feb 1984,0.0
12 Feb 1984,0.0
13 Feb 1984,0.0
16 Feb 1984,0.0
17 Feb 1984,0.0
18 Feb 1984,0.0
19 Feb 1984,0.0
20 Feb 1984,0.0
21 Feb 1984,0.0
22 Feb 1984,0.0
23 Feb 1984,0.0
24 Feb 1984,0.0
25 Feb 1984,0.0
26 Feb 1984,0.0
27 Feb 1984,0.0
28 Feb 1984,0.0
29 Feb 1984,0.0
1 Mar 1984,0.0
2 Mar 1984,0.0
3 Mar 1984,0.0
4 Mar 1984,0.0
5 Mar 1984,0.0
6 Mar 1984,0.0
7 Mar 1984,0.0
8 Mar 1984,0.0
9 Mar 1984,0.0
10 Mar 1984,0.0
11 Mar 1984,0.0
12 Mar 1984,0.0
13 Mar 1984,0.0
14 Mar 1984,0.0
15 Mar 1984,0.0
16 Mar 1984,0.0
17 Mar 1984,0.0
18 Mar 1984,0.0
19 Mar 1984,0.0
20 Mar 1984,0.0
21 Mar 1984,0.0
22 Mar 1984,0.0
23 Mar 1984,0.0
24 Mar 1984,0.0
25 Mar 1984,0.0
26 Mar 1984,0.0
27 Mar 1984,0.0
28 Mar 1984,0.0
29 Mar 1984,0.0
30 Mar 1984,0.0
31 Mar 1984,0.0
1 Apr 1984,0.0
2 Apr 1984,0.0
3 Apr 1984,0.0
4 Apr 1984,0.0
5 Apr 1984,0.0
6 Apr 1984,0.0
7 Apr 1984,0.0
8 Apr 1984,0.0
9 Apr 1984,0.0
10 Apr 1984,0.0
11 Apr 1984,0.0
12 Apr 1984,0.0
13 Apr 1984,0.0
14 Apr 1984,0.0
15 Apr 1984,0.0
16 Apr 1984,0.0
17 Apr 1984,0.0
18 Apr 1984,3.416403
19 Apr 1984,0.0
20 Apr 1984,0.0
21 Apr 1984,0.0
22 Apr 1984,2.232625
23 Apr 1984,0.0
24 Apr 1984,0.0
25 Apr 1984,0.0
26 Apr 1984,0.0
27 Apr 1984,0.0
28 Apr 1984,0.0
29 Apr 1984,2.275755
30 Apr 1984,0.0
1 May 1984,0.0
2 May 1984,0.0
3 May 1984,0.0
4 May 1984,0.0
5 May 1984,0.0
6 May 1984,0.0
7 May 1984,0.0
8 May 1984,0.0
9 May 1984,0.0
10 May 1984,0.0
11 May 1984,0.0
12 May 1984,3.75729
13 May 1984,31.37417
14 May 1984,25.83593
15 May 1984,0.0
16 May 1984,0.0
17 May 1984,0.0
18 May 1984,0.0
19 May 1984,0.0
20 May 1984,0.0
21 May 1984,0.0
22 May 1984,0.0
23 May 1984,0.0
24 May 1984,0.0
25 May 1984,0.0
26 May 1984,0.0
27 May 1984,0.0
28 May 1984,0.0
29 May 1984,0.0
30 May 1984,0.0
31 May 1984,0.0
1 Jun 1984,0.0
2 Jun 1984,0.0
3 Jun 1984,0.0
4 Jun 1984,0.0
5 Jun 1984,0.0
6 Jun 1984,0.0
7 Jun 1984,0.0
8 Jun 1984,0.0
9 Jun 1984,0.0
10 Jun 1984,0.0
11 Jun 1984,0.0
12 Jun 1984,0.0
13 Jun 1984,0.0
14 Jun 1984,0.0
15 Jun 1984,0.0
16 Jun 1984,0.0
17 Jun 1984,0.0
18 Jun 1984,0.0
19 Jun 1984,0.0
20 Jun 1984,0.0
21 Jun 1984,0.0
22 Jun 1984,0.0
23 Jun 1984,0.0
24 Jun 1984,0.0
25 Jun 1984,0.0
27 Jun 1984,0.0
28 Jun 1984,0.0
29 Jun 1984,0.0
30 Jun 1984,0.0
1 Jul 1984,0.0
2 Jul 1984,0.0
3 Jul 1984,0.0
4 Jul 1984,0.0
5 Jul 1984,0.0
6 Jul 1984,0.0
7 Jul 1984,0.0
8 Jul 1984,0.0
9 Jul 1984,0.0
10 Jul 1984,0.0
11 Jul 1984,0.0
12 Jul 1984,0.0
13 Jul 1984,0.0
14 Jul 1984,0.0
15 Jul 1984,0.0
16 Jul 1984,0.0
17 Jul 1984,0.0
18 Jul 1984,0.0
19 Jul 1984,0.0
20 Jul 1984,0.0
21 Jul 1984,0.0
22 Jul 1984,0.0
23 Jul 1984,0.0
24 Jul 1984,0.0
25 Jul 1984,0.0
26 Jul 1984,0.0
27 Jul 1984,0.0
28 Jul 1984,0.0
29 Jul 1984,0.0
30 Jul 1984,0.0
31 Jul 1984,0.0
1 Aug 1984,0.0
2 Aug 1984,0.0
3 Aug 1984,0.0
4 Aug 1984,0.0
5 Aug 1984,0.0
6 Aug 1984,0.0
7 Aug 1984,0.0
8 Aug 1984,0.0
9 Aug 1984,0.0
10 Aug 1984,0.0
11 Aug 1984,0.0
12 Aug 1984,0.0
15 Aug 1984,0.0
16 Aug 1984,0.0
17 Aug 1984,0.0
18 Aug 1984,0.0
19 Aug 1984,0.0
20 Aug 1984,0.0
21 Aug 1984,0.0
22 Aug 1984,0.0
23 Aug 1984,0.0
24 Aug 1984,0.0
25 Aug 1984,0.0
26 Aug 1984,0.0
27 Aug 1984,0.0
28 Aug 1984,0.0
29 Aug 1984,0.0
30 Aug 1984,0.0
31 Aug 1984,0.0
1 Sep 1984,0.0
2 Sep 1984,0.0
3 Sep 1984,0.0
4 Sep 1984,0.0
5 Sep 1984,0.0
8 Sep 1984,0.0
9 Sep 1984,0.0
10 Sep 1984,0.0
11 Sep 1984,0.0
12 Sep 1984,0.0
13 Sep 1984,0.0
14 Sep 1984,0.0
15 Sep 1984,0.0
16 Sep 1984,0.0
17 Sep 1984,0.0
18 Sep 1984,0.0
19 Sep 1984,0.0
20 Sep 1984,0.0
21 Sep 1984,0.0
22 Sep 1984,0.0
23 Sep 1984,0.3760525
25 Sep 1984,0.0
26 Sep 1984,0.0
28 Sep 1984,0.0
29 Sep 1984,0.0
30 Sep 1984,0.0
1 Oct 1984,0.0
2 Oct 1984,0.0
3 Oct 1984,0.0
4 Oct 1984,0.0
5 Oct 1984,0.0
6 Oct 1984,0.0
7 Oct 1984,0.0
8 Oct 1984,0.0
9 Oct 1984,0.0
10 Oct 1984,0.4185619
11 Oct 1984,0.0
12 Oct 1984,0.0
13 Oct 1984,0.0
14 Oct 1984,0.0
15 Oct 1984,0.0
16 Oct 1984,0.0
17 Oct 1984,0.0
18 Oct 1984,0.0
19 Oct 1984,0.0
20 Oct 1984,0.0
21 Oct 1984,0.0
22 Oct 1984,0.0
24 Oct 1984,0.0
25 Oct 1984,0.0
26 Oct 1984,0.0
27 Oct 1984,0.0
29 Oct 1984,0.0
30 Oct 1984,0.0
31 Oct 1984,15.16958
1 Nov 1984,0.0
2 Nov 1984,0.0
3 Nov 1984,0.0
4 Nov 1984,0.0
5 Nov 1984,0.0
6 Nov 1984,0.0
8 Nov 1984,4.46885
9 Nov 1984,0.0
10 Nov 1984,0.0
12 Nov 1984,0.0
13 Nov 1984,4.586108
14 Nov 1984,4.505111
19 Nov 1984,0.0
25 Nov 1984,0.0
26 Nov 1984,0.0
27 Nov 1984,0.0
28 Nov 1984,0.0
1 Dec 1984,0.0
3 Dec 1984,0.0
6 Dec 1984,0.0
7 Dec 1984,0.0
8 Dec 1984,0.0
9 Dec 1984,0.0
10 Dec 1984,0.0
11 Dec 1984,0.0
12 Dec 1984,89.81728
13 Dec 1984,0.0
14 Dec 1984,0.0
15 Dec 1984,0.0
16 Dec 1984,0.0
17 Dec 1984,0.0
18 Dec 1984,0.0
19 Dec 1984,0.0
20 Dec 1984,0.0
21 Dec 1984,0.0
22 Dec 1984,0.0
23 Dec 1984,0.0
24 Dec 1984,0.0
25 Dec 1984,0.0
26 Dec 1984,0.0
27 Dec 1984,0.0
28 Dec 1984,0.0
29 Dec 1984,0.0
30 Dec 1984,0.0
31 Dec 1984,0.0
2 Jan 1985,0.0
4 Jan 1985,0.0
5 Jan 1985,0.0
6 Jan 1985,0.0
9 Jan 1985,0.0
10 Jan 1985,0.0
11 Jan 1985,0.0
14 Jan 1985,0.0
15 Jan 1985,0.0
17 Jan 1985,0.0
18 Jan 1985,0.0
20 Jan 1985,0.0
21 Jan 1985,0.0
22 Jan 1985,0.0
23 Jan 1985,0.0
24 Jan 1985,0.0
25 Jan 1985,0.0
26 Jan 1985,0.0
27 Jan 1985,0.0
28 Jan 1985,0.0
29 Jan 1985,0.0
30 Jan 1985,0.0
31 Jan 1985,0.0
1 Feb 1985,0.0
2 Feb 1985,0.0
3 Feb 1985,0.0
4 Feb 1985,0.0
6 Feb 1985,0.0
7 Feb 1985,0.0
8 Feb 1985,0.0
10 Feb 1985,0.0
11 Feb 1985,0.0
12 Feb 1985,0.0
13 Feb 1985,0.0
15 Feb 1985,0.0
17 Feb 1985,0.0
18 Feb 1985,0.0
19 Feb 1985,0.0
22 Feb 1985,0.0
26 Feb 1985,0.0
28 Feb 1985,0.0
1 Mar 1985,0.0
2 Mar 1985,0.0
3 Mar 1985,0.0
4 Mar 1985,0.0
7 Mar 1985,0.3335198
8 Mar 1985,0.0
9 Mar 1985,0.0
10 Mar 1985,0.0
11 Mar 1985,0.0
12 Mar 1985,0.0
13 Mar 1985,0.0
14 Mar 1985,0.0
17 Mar 1985,0.0
18 Mar 1985,0.0
19 Mar 1985,0.0
20 Mar 1985,0.0
21 Mar 1985,0.0
22 Mar 1985,3.119027
23 Mar 1985,0.0
24 Mar 1985,0.0
25 Mar 1985,0.0
26 Mar 1985,0.0
28 Mar 1985,3.492378
29 Mar 1985,48.04442
1 Apr 1985,0.0
2 Apr 1985,0.0
3 Apr 1985,0.0
5 Apr 1985,0.0
6 Apr 1985,7.23313
7 Apr 1985,0.0
8 Apr 1985,0.0
9 Apr 1985,1.334068
10 Apr 1985,5.430262
11 Apr 1985,11.80183
12 Apr 1985,3.54745
13 Apr 1985,0.371174
14 Apr 1985,3.522438
15 Apr 1985,0.0
16 Apr 1985,1.051871
17 Apr 1985,0.0
18 Apr 1985,0.0
19 Apr 1985,0.0
20 Apr 1985,0.0
21 Apr 1985,1.27402
22 Apr 1985,0.2686557
23 Apr 1985,0.0
24 Apr 1985,11.37559
25 Apr 1985,5.056637
26 Apr 1985,0.0
30 Apr 1985,5.558598
1 May 1985,4.65457
2 May 1985,0.0
3 May 1985,0.0
7 May 1985,0.0
8 May 1985,0.0
9 May 1985,0.0
10 May 1985,2.891257
11 May 1985,51.12454
12 May 1985,15.01674
13 May 1985,0.0
14 May 1985,0.0
15 May 1985,0.0
16 May 1985,0.0
17 May 1985,0.0
18 May 1985,0.0
19 May 1985,0.0
21 May 1985,0.0
22 May 1985,0.0
23 May 1985,0.0
24 May 1985,0.0
25 May 1985,0.0
26 May 1985,0.0
27 May 1985,0.0
28 May 1985,0.0
29 May 1985,0.0
30 May 1985,0.0
31 May 1985,0.0
1 Jun 1985,0.0
2 Jun 1985,0.0
3 Jun 1985,0.0
4 Jun 1985,0.0
5 Jun 1985,0.0
6 Jun 1985,0.0
7 Jun 1985,0.0
8 Jun 1985,0.0
9 Jun 1985,0.0
10 Jun 1985,0.0
11 Jun 1985,0.0
12 Jun 1985,0.0
13 Jun 1985,0.0
14 Jun 1985,0.0
15 Jun 1985,0.0
16 Jun 1985,0.0
17 Jun 1985,0.0
18 Jun 1985,0.0
19 Jun 1985,0.0
20 Jun 1985,0.0
21 Jun 1985,0.0
22 Jun 1985,0.0
23 Jun 1985,0.0
24 Jun 1985,0.0
25 Jun 1985,0.0
26 Jun 1985,0.0
28 Jun 1985,0.0
29 Jun 1985,0.0
30 Jun 1985,0.0
1 Jul 1985,0.0
2 Jul 1985,0.0
3 Jul 1985,0.0
4 Jul 1985,0.0
5 Jul 1985,0.0
6 Jul 1985,0.0
7 Jul 1985,0.0
8 Jul 1985,0.0
9 Jul 1985,0.0
10 Jul 1985,0.0
11 Jul 1985,0.0
12 Jul 1985,0.0
13 Jul 1985,0.0
14 Jul 1985,0.0
15 Jul 1985,0.0
16 Jul 1985,0.0
17 Jul 1985,0.0
18 Jul 1985,0.0
19 Jul 1985,0.0
20 Jul 1985,0.0
21 Jul 1985,0.0
22 Jul 1985,0.0
23 Jul 1985,0.0
24 Jul 1985,0.0
25 Jul 1985,0.0
26 Jul 1985,0.0
27 Jul 1985,0.0
28 Jul 1985,0.0
29 Jul 1985,0.0
30 Jul 1985,0.0
31 Jul 1985,0.0
1 Aug 1985,0.0
2 Aug 1985,0.0
3 Aug 1985,0.0
4 Aug 1985,0.0
5 Aug 1985,0.0
6 Aug 1985,0.0
7 Aug 1985,0.0
8 Aug 1985,0.0
9 Aug 1985,0.0
10 Aug 1985,0.0
11 Aug 1985,0.0
12 Aug 1985,0.0
13 Aug 1985,0.0
14 Aug 1985,0.0
15 Aug 1985,0.0
16 Aug 1985,0.0
17 Aug 1985,0.0
18 Aug 1985,0.0
19 Aug 1985,0.0
21 Aug 1985,0.0
22 Aug 1985,0.0
23 Aug 1985,0.0
24 Aug 1985,0.0
25 Aug 1985,0.0
26 Aug 1985,0.0
27 Aug 1985,0.0
28 Aug 1985,0.0
29 Aug 1985,0.0
30 Aug 1985,0.0
31 Aug 1985,0.0
1 Sep 1985,0.0
2 Sep 1985,0.0
3 Sep 1985,0.0
4 Sep 1985,0.0
5 Sep 1985,0.0
6 Sep 1985,0.0
7 Sep 1985,0.0
8 Sep 1985,0.0
9 Sep 1985,0.0
10 Sep 1985,0.0
11 Sep 1985,0.0
12 Sep 1985,0.0
13 Sep 1985,0.0
15 Sep 1985,0.0
16 Sep 1985,0.0
17 Sep 1985,0.0
18 Sep 1985,0.0
19 Sep 1985,0.0
20 Sep 1985,0.0
21 Sep 1985,0.0
22 Sep 1985,0.0
23 Sep 1985,0.0
24 Sep 1985,0.6474777
25 Sep 1985,0.0
26 Sep 1985,0.0
27 Sep 1985,0.0
28 Sep 1985,0.0
29 Sep 1985,0.0
30 Sep 1985,0.0
1 Oct 1985,0.0
2 Oct 1985,0.0
3 Oct 1985,0.0
4 Oct 1985,0.0
5 Oct 1985,0.0
6 Oct 1985,0.0
7 Oct 1985,0.0
8 Oct 1985,0.0
9 Oct 1985,0.0
10 Oct 1985,3.169917
11 Oct 1985,0.0
12 Oct 1985,0.2127168
13 Oct 1985,0.0
14 Oct 1985,0.0
15 Oct 1985,0.0
16 Oct 1985,0.0
17 Oct 1985,0.0
18 Oct 1985,0.0
19 Oct 1985,0.0
20 Oct 1985,0.0
21 Oct 1985,0.0
22 Oct 1985,0.0
23 Oct 1985,1.866822
24 Oct 1985,0.7158118
27 Oct 1985,0.0
28 Oct 1985,0.0
29 Oct 1985,0.0
30 Oct 1985,0.0
31 Oct 1985,0.0
1 Nov 1985,0.0
2 Nov 1985,0.0
3 Nov 1985,0.0
4 Nov 1985,0.0
5 Nov 1985,0.0
6 Nov 1985,5.698183
7 Nov 1985,8.804534
8 Nov 1985,0.0
9 Nov 1985,1.305436
10 Nov 1985,0.0
11 Nov 1985,0.0
12 Nov 1985,0.0
13 Nov 1985,0.0
14 Nov 1985,0.0
15 Nov 1985,0.0
16 Nov 1985,2.623545
17 Nov 1985,0.339232
18 Nov 1985,0.0
19 Nov 1985,0.0
20 Nov 1985,0.0
21 Nov 1985,0.0
22 Nov 1985,0.0
23 Nov 1985,0.0
24 Nov 1985,0.0
25 Nov 1985,0.0
26 Nov 1985,0.0
27 Nov 1985,0.0
28 Nov 1985,0.0
29 Nov 1985,0.0
30 Nov 1985,0.0
1 Dec 1985,0.0
2 Dec 1985,0.0
3 Dec 1985,0.0
4 Dec 1985,0.0
5 Dec 1985,0.0
6 Dec 1985,0.0
7 Dec 1985,0.0
8 Dec 1985,0.0
9 Dec 1985,0.0
10 Dec 1985,0.0
11 Dec 1985,0.0
12 Dec 1985,0.0
13 Dec 1985,0.0
14 Dec 1985,0.0
15 Dec 1985,0.0
16 Dec 1985,0.0
17 Dec 1985,0.0
18 Dec 1985,0.0
21 Dec 1985,0.0
22 Dec 1985,0.0
23 Dec 1985,0.0
24 Dec 1985,0.0
25 Dec 1985,0.0
26 Dec 1985,0.0
27 Dec 1985,0.0
28 Dec 1985,0.0
29 Dec 1985,0.0
30 Dec 1985,0.0
31 Dec 1985,0.0
2 Jan 1986,0.0
3 Jan 1986,0.0
4 Jan 1986,0.0
5 Jan 1986,0.0
6 Jan 1986,0.0
7 Jan 1986,0.0
8 Jan 1986,0.0
9 Jan 1986,0.0
11 Jan 1986,0.0
12 Jan 1986,0.0
13 Jan 1986,0.0
14 Jan 1986,0.0
15 Jan 1986,0.0
16 Jan 1986,0.0
17 Jan 1986,0.0
18 Jan 1986,0.0
19 Jan 1986,0.0
20 Jan 1986,0.0
21 Jan 1986,0.0
23 Jan 1986,0.0
25 Jan 1986,0.0
26 Jan 1986,0.0
27 Jan 1986,0.0
28 Jan 1986,0.0
29 Jan 1986,0.0
30 Jan 1986,0.0
31 Jan 1986,0.0
1 Feb 1986,0.0
2 Feb 1986,0.0
3 Feb 1986,0.0
4 Feb 1986,0.0
5 Feb 1986,0.0
6 Feb 1986,0.0
7 Feb 1986,0.0
8 Feb 1986,0.0
9 Feb 1986,0.0
11 Feb 1986,0.0
12 Feb 1986,0.0
13 Feb 1986,0.0
14 Feb 1986,0.0
15 Feb 1986,0.0
16 Feb 1986,0.0
17 Feb 1986,0.0
19 Feb 1986,0.0
20 Feb 1986,0.0
21 Feb 1986,0.0
22 Feb 1986,0.0
23 Feb 1986,0.0
24 Feb 1986,0.0
26 Feb 1986,0.0
27 Feb 1986,0.0
28 Feb 1986,0.0
1 Mar 1986,0.0
2 Mar 1986,0.0
3 Mar 1986,0.0
4 Mar 1986,0.3868384
5 Mar 1986,0.0
7 Mar 1986,0.0
8 Mar 1986,0.0
9 Mar 1986,7.551437
10 Mar 1986,0.0
11 Mar 1986,0.0
12 Mar 1986,0.0
13 Mar 1986,0.0
14 Mar 1986,0.0
15 Mar 1986,0.0
16 Mar 1986,0.0
17 Mar 1986,0.0
18 Mar 1986,0.0
19 Mar 1986,0.0
20 Mar 1986,0.0
21 Mar 1986,0.0
22 Mar 1986,0.0
23 Mar 1986,0.0
24 Mar 1986,0.0
25 Mar 1986,0.0
26 Mar 1986,0.0
27 Mar 1986,0.0
28 Mar 1986,0.0
29 Mar 1986,0.0
30 Mar 1986,0.0
31 Mar 1986,0.0
1 Apr 1986,0.0
2 Apr 1986,0.0
3 Apr 1986,0.0
4 Apr 1986,0.0
5 Apr 1986,0.0
6 Apr 1986,0.0
8 Apr 1986,0.0
9 Apr 1986,6.030864
10 Apr 1986,6.172608
11 Apr 1986,7.209703
12 Apr 1986,0.0
13 Apr 1986,2.895752
14 Apr 1986,0.0
15 Apr 1986,0.0
16 Apr 1986,0.0
17 Apr 1986,4.212512
18 Apr 1986,0.0
19 Apr 1986,7.594687
20 Apr 1986,0.0
21 Apr 1986,7.713737
22 Apr 1986,3.142721
23 Apr 1986,0.5573351
24 Apr 1986,0.0
25 Apr 1986,0.0
26 Apr 1986,0.0
27 Apr 1986,0.0
28 Apr 1986,0.0
29 Apr 1986,0.0
30 Apr 1986,4.245882
2 May 1986,3.953995
3 May 1986,3.907912
4 May 1986,0.0
5 May 1986,0.0
6 May 1986,0.0
7 May 1986,0.0
8 May 1986,0.0
9 May 1986,0.0
10 May 1986,0.0
12 May 1986,0.0
13 May 1986,0.0
14 May 1986,0.0
15 May 1986,0.0
16 May 1986,0.0
17 May 1986,0.0
18 May 1986,0.0
19 May 1986,0.0
22 May 1986,0.0
23 May 1986,0.0
24 May 1986,0.0
25 May 1986,0.0
26 May 1986,0.0
27 May 1986,0.0
28 May 1986,0.0
29 May 1986,7.629555
30 May 1986,0.0
31 May 1986,0.0
1 Jun 1986,1.087877
2 Jun 1986,0.0
3 Jun 1986,0.0
4 Jun 1986,0.0
5 Jun 1986,0.0
6 Jun 1986,0.0
7 Jun 1986,0.0
8 Jun 1986,0.0
9 Jun 1986,0.0
10 Jun 1986,0.0
11 Jun 1986,0.0
12 Jun 1986,0.0
13 Jun 1986,0.0
14 Jun 1986,0.0
15 Jun 1986,0.0
16 Jun 1986,0.0
17 Jun 1986,0.0
18 Jun 1986,0.0
19 Jun 1986,0.0
20 Jun 1986,0.0
21 Jun 1986,0.0
22 Jun 1986,0.0
24 Jun 1986,0.0
25 Jun 1986,0.0
26 Jun 1986,0.0
27 Jun 1986,0.0
28 Jun 1986,0.0
29 Jun 1986,0.0
30 Jun 1986,0.0
2 Jul 1986,0.0
3 Jul 1986,0.0
4 Jul 1986,0.0
5 Jul 1986,0.0
6 Jul 1986,0.0
7 Jul 1986,0.0
8 Jul 1986,0.0
9 Jul 1986,0.0
10 Jul 1986,0.0
11 Jul 1986,0.0
12 Jul 1986,0.0
13 Jul 1986,0.0
14 Jul 1986,0.0
15 Jul 1986,0.0
16 Jul 1986,0.0
17 Jul 1986,0.0
18 Jul 1986,0.0
19 Jul 1986,0.0
20 Jul 1986,0.0
21 Jul 1986,0.0
22 Jul 1986,0.0
25 Jul 1986,0.0
26 Jul 1986,0.0
28 Jul 1986,0.0
29 Jul 1986,0.0
30 Jul 1986,0.0
31 Jul 1986,0.0
2 Aug 1986,0.0
4 Aug 1986,0.0
5 Aug 1986,0.0
6 Aug 1986,0.0
7 Aug 1986,0.0
8 Aug 1986,0.0
9 Aug 1986,0.0
10 Aug 1986,0.0
11 Aug 1986,0.0
13 Aug 1986,0.0
14 Aug 1986,0.0
15 Aug 1986,0.0
16 Aug 1986,0.0
17 Aug 1986,0.0
18 Aug 1986,0.0
19 Aug 1986,0.0
20 Aug 1986,0.0
21 Aug 1986,0.0
22 Aug 1986,0.0
23 Aug 1986,0.0
24 Aug 1986,0.0
25 Aug 1986,0.0
26 Aug 1986,0.0
27 Aug 1986,0.0
28 Aug 1986,0.0
29 Aug 1986,0.0
30 Aug 1986,0.0
31 Aug 1986,0.0
1 Sep 1986,0.0
2 Sep 1986,0.0
5 Sep 1986,0.0
6 Sep 1986,0.0
7 Sep 1986,0.0
8 Sep 1986,0.0
9 Sep 1986,0.0
10 Sep 1986,0.0
11 Sep 1986,0.0
12 Sep 1986,0.0
13 Sep 1986,0.0
14 Sep 1986,0.0
15 Sep 1986,0.0
16 Sep 1986,0.0
17 Sep 1986,0.0
18 Sep 1986,0.0
19 Sep 1986,0.0
20 Sep 1986,0.0
21 Sep 1986,0.0
22 Sep 1986,0.0
23 Sep 1986,0.0
24 Sep 1986,0.0
25 Sep 1986,0.0
26 Sep 1986,0.0
27 Sep 1986,0.0
28 Sep 1986,0.0
29 Sep 1986,0.0
30 Sep 1986,0.0
1 Oct 1986,0.0
2 Oct 1986,0.0
3 Oct 1986,0.0
5 Oct 1986,0.0
6 Oct 1986,0.0
7 Oct 1986,0.0
8 Oct 1986,0.0
10 Oct 1986,0.0
11 Oct 1986,0.0
12 Oct 1986,0.0
13 Oct 1986,0.0
14 Oct 1986,0.0
15 Oct 1986,0.0
16 Oct 1986,0.0
17 Oct 1986,0.0
18 Oct 1986,0.0
19 Oct 1986,0.0
20 Oct 1986,58.46044
21 Oct 1986,0.0
22 Oct 1986,0.0
23 Oct 1986,0.0
24 Oct 1986,0.0
25 Oct 1986,0.0
26 Oct 1986,0.0
27 Oct 1986,0.0
28 Oct 1986,0.0
30 Oct 1986,0.0
31 Oct 1986,0.0
1 Nov 1986,0.0
2 Nov 1986,0.0
3 Nov 1986,0.0
4 Nov 1986,0.0
6 Nov 1986,0.0
7 Nov 1986,0.0
8 Nov 1986,0.0
9 Nov 1986,0.0
10 Nov 1986,0.0
11 Nov 1986,0.0
12 Nov 1986,0.0
13 Nov 1986,0.0
14 Nov 1986,0.0
15 Nov 1986,0.0
16 Nov 1986,0.0
17 Nov 1986,0.0
18 Nov 1986,0.0
19 Nov 1986,0.0
21 Nov 1986,0.0
22 Nov 1986,0.0
23 Nov 1986,0.5143118
24 Nov 1986,0.0
25 Nov 1986,0.5686023
26 Nov 1986,0.3500865
27 Nov 1986,0.2234258
28 Nov 1986,0.0
29 Nov 1986,0.0
30 Nov 1986,0.0
1 Dec 1986,0.0
2 Dec 1986,0.0
3 Dec 1986,0.0
4 Dec 1986,0.0
5 Dec 1986,0.0
6 Dec 1986,0.0
7 Dec 1986,0.0
8 Dec 1986,0.64339
9 Dec 1986,0.0
10 Dec 1986,0.0
11 Dec 1986,0.0
12 Dec 1986,0.0
13 Dec 1986,0.0
14 Dec 1986,0.0
15 Dec 1986,0.0
16 Dec 1986,0.0
17 Dec 1986,0.0
18 Dec 1986,0.0
19 Dec 1986,0.0
20 Dec 1986,0.0
21 Dec 1986,0.0
22 Dec 1986,0.0
23 Dec 1986,0.0
24 Dec 1986,0.0
25 Dec 1986,0.0
26 Dec 1986,0.0
27 Dec 1986,0.0
28 Dec 1986,0.0
29 Dec 1986,0.0
30 Dec 1986,0.0
31 Dec 1986,0.0
1 Jan 1987,0.0
2 Jan 1987,0.0
3 Jan 1987,0.0
4 Jan 1987,0.0
5 Jan 1987,0.0
6 Jan 1987,0.0
7 Jan 1987,0.0
8 Jan 1987,0.0
9 Jan 1987,0.0
10 Jan 1987,0.0
11 Jan 1987,0.0
12 Jan 1987,0.0
13 Jan 1987,0.0
14 Jan 1987,0.0
15 Jan 1987,0.0
16 Jan 1987,0.0
17 Jan 1987,0.0
18 Jan 1987,0.0
19 Jan 1987,0.0
20 Jan 1987,0.0
21 Jan 1987,0.0
22 Jan 1987,0.0
23 Jan 1987,0.0
24 Jan 1987,0.0
25 Jan 1987,0.0
26 Jan 1987,0.0
27 Jan 1987,0.0
28 Jan 1987,0.0
29 Jan 1987,0.0
30 Jan 1987,0.0
31 Jan 1987,0.0
1 Feb 1987,0.0
2 Feb 1987,0.0
3 Feb 1987,0.0
4 Feb 1987,0.0
5 Feb 1987,0.0
6 Feb 1987,0.0
7 Feb 1987,0.0
8 Feb 1987,0.0
9 Feb 1987,0.0
10 Feb 1987,0.0
11 Feb 1987,0.0
12 Feb 1987,0.0
13 Feb 1987,0.0
14 Feb 1987,0.0
15 Feb 1987,0.0
16 Feb 1987,0.0
17 Feb 1987,0.0
18 Feb 1987,0.0
19 Feb 1987,0.0
20 Feb 1987,0.0
22 Feb 1987,0.0
23 Feb 1987,0.0
24 Feb 1987,0.0
25 Feb 1987,0.0
26 Feb 1987,0.0
27 Feb 1987,0.0
28 Feb 1987,0.0
1 Mar 1987,0.0
2 Mar 1987,0.0
3 Mar 1987,0.0
4 Mar 1987,0.0
6 Mar 1987,0.0
7 Mar 1987,0.0
8 Mar 1987,0.0
9 Mar 1987,0.0
10 Mar 1987,0.0
12 Mar 1987,0.0
13 Mar 1987,0.0
15 Mar 1987,0.0
16 Mar 1987,0.0
17 Mar 1987,0.0
18 Mar 1987,0.0
19 Mar 1987,0.0
20 Mar 1987,0.2574864
21 Mar 1987,0.0
22 Mar 1987,0.0
23 Mar 1987,0.0
24 Mar 1987,0.0
25 Mar 1987,0.0
26 Mar 1987,0.0
27 Mar 1987,0.0
28 Mar 1987,0.0
29 Mar 1987,0.0
30 Mar 1987,0.0
31 Mar 1987,0.0
1 Apr 1987,0.0
2 Apr 1987,0.0
3 Apr 1987,0.0
4 Apr 1987,0.0
5 Apr 1987,0.0
6 Apr 1987,13.97316
7 Apr 1987,0.0
8 Apr 1987,0.0
9 Apr 1987,4.826842
10 Apr 1987,0.0
11 Apr 1987,0.0
12 Apr 1987,0.0
13 Apr 1987,0.2916978
14 Apr 1987,0.0
15 Apr 1987,0.0
16 Apr 1987,0.0
17 Apr 1987,0.0
18 Apr 1987,0.0
19 Apr 1987,1.418475
20 Apr 1987,0.0
23 Apr 1987,0.0
24 Apr 1987,0.0
25 Apr 1987,0.0
26 Apr 1987,0.0
27 Apr 1987,0.0
28 Apr 1987,0.0
29 Apr 1987,3.147215
30 Apr 1987,0.0
1 May 1987,0.0
2 May 1987,0.0
3 May 1987,0.0
4 May 1987,0.0
5 May 1987,3.991233
6 May 1987,0.0
7 May 1987,0.0
8 May 1987,0.0
9 May 1987,0.0
10 May 1987,0.0
11 May 1987,0.0
12 May 1987,2.123779
13 May 1987,1.546729
14 May 1987,5.889288
15 May 1987,8.254492
16 May 1987,13.57531
17 May 1987,0.0
18 May 1987,0.0
19 May 1987,0.0
20 May 1987,24.80903
21 May 1987,0.0
22 May 1987,0.0
23 May 1987,0.0
24 May 1987,0.3118565
25 May 1987,0.0
26 May 1987,0.0
27 May 1987,0.0
28 May 1987,0.4262841
29 May 1987,0.0
30 May 1987,0.0
31 May 1987,0.0
1 Jun 1987,0.0
2 Jun 1987,0.0
3 Jun 1987,0.0
4 Jun 1987,0.0
5 Jun 1987,0.0
6 Jun 1987,0.0
7 Jun 1987,0.0
8 Jun 1987,0.0
9 Jun 1987,0.0
10 Jun 1987,0.0
11 Jun 1987,0.0
12 Jun 1987,0.0
13 Jun 1987,0.0
14 Jun 1987,0.0
15 Jun 1987,0.0
16 Jun 1987,0.0
17 Jun 1987,0.0
18 Jun 1987,0.0
19 Jun 1987,0.0
20 Jun 1987,0.0
21 Jun 1987,299.5629
22 Jun 1987,0.0
23 Jun 1987,0.0
24 Jun 1987,0.0
25 Jun 1987,0.0
26 Jun 1987,0.0
27 Jun 1987,0.0
1 Jul 1987,0.0
2 Jul 1987,0.0
4 Jul 1987,0.0
5 Jul 1987,0.0
6 Jul 1987,0.0
7 Jul 1987,0.0
8 Jul 1987,0.0
9 Jul 1987,0.0
10 Jul 1987,0.0
11 Jul 1987,0.0
12 Jul 1987,0.0
13 Jul 1987,0.0
14 Jul 1987,0.0
15 Jul 1987,0.0
16 Jul 1987,0.0
17 Jul 1987,0.0
18 Jul 1987,0.0
19 Jul 1987,0.0
20 Jul 1987,0.0
21 Jul 1987,0.0
22 Jul 1987,0.0
23 Jul 1987,0.0
24 Jul 1987,0.0
25 Jul 1987,0.0
26 Jul 1987,0.0
27 Jul 1987,0.0
29 Jul 1987,0.0
30 Jul 1987,0.0
31 Jul 1987,0.0
1 Aug 1987,0.0
2 Aug 1987,0.0
3 Aug 1987,0.0
4 Aug 1987,0.0
5 Aug 1987,0.0
6 Aug 1987,0.0
7 Aug 1987,0.0
8 Aug 1987,0.0
9 Aug 1987,0.3552242
10 Aug 1987,0.0
12 Aug 1987,0.0
13 Aug 1987,0.0
14 Aug 1987,0.0
15 Aug 1987,0.0
16 Aug 1987,0.0
17 Aug 1987,0.0
18 Aug 1987,0.0
19 Aug 1987,0.0
20 Aug 1987,0.0
21 Aug 1987,0.0
22 Aug 1987,0.0
23 Aug 1987,0.0
24 Aug 1987,0.0
25 Aug 1987,0.0
26 Aug 1987,0.0
27 Aug 1987,0.0
28 Aug 1987,0.0
29 Aug 1987,0.0
30 Aug 1987,0.0
31 Aug 1987,0.0
1 Sep 1987,0.0
2 Sep 1987,0.0
3 Sep 1987,0.0
4 Sep 1987,0.0
5 Sep 1987,0.0
6 Sep 1987,0.0
7 Sep 1987,0.0
8 Sep 1987,0.0
9 Sep 1987,0.0
10 Sep 1987,0.0
11 Sep 1987,0.0
12 Sep 1987,0.0
13 Sep 1987,0.0
14 Sep 1987,0.0
15 Sep 1987,0.0
16 Sep 1987,0.0
17 Sep 1987,0.0
18 Sep 1987,0.0
19 Sep 1987,0.0
20 Sep 1987,0.0
21 Sep 1987,0.0
22 Sep 1987,0.0
24 Sep 1987,0.0
25 Sep 1987,0.0
26 Sep 1987,0.0
27 Sep 1987,0.0
28 Sep 1987,0.0
29 Sep 1987,0.0
30 Sep 1987,0.0
1 Oct 1987,0.0
2 Oct 1987,0.0
3 Oct 1987,0.0
4 Oct 1987,0.0
5 Oct 1987,0.0
6 Oct 1987,0.0
7 Oct 1987,0.0
8 Oct 1987,0.0
9 Oct 1987,0.0
10 Oct 1987,0.0
11 Oct 1987,0.0
12 Oct 1987,0.0
13 Oct 1987,0.0
14 Oct 1987,0.0
15 Oct 1987,0.0
16 Oct 1987,0.0
17 Oct 1987,4.604876
18 Oct 1987,0.0
19 Oct 1987,0.0
20 Oct 1987,0.0
21 Oct 1987,0.0
22 Oct 1987,0.0
23 Oct 1987,0.0
24 Oct 1987,0.0
25 Oct 1987,0.0
26 Oct 1987,0.0
27 Oct 1987,0.0
28 Oct 1987,0.0
29 Oct 1987,0.0
30 Oct 1987,0.0
31 Oct 1987,4.507023
1 Nov 1987,0.0
2 Nov 1987,0.0
3 Nov 1987,0.0
4 Nov 1987,0.0
5 Nov 1987,2.581041
6 Nov 1987,0.0
7 Nov 1987,0.0
8 Nov 1987,0.0
9 Nov 1987,0.0
10 Nov 1987,0.0
11 Nov 1987,0.0
12 Nov 1987,0.0
13 Nov 1987,0.0
14 Nov 1987,0.0
15 Nov 1987,0.0
16 Nov 1987,0.0
17 Nov 1987,0.0
18 Nov 1987,0.0
19 Nov 1987,0.0
20 Nov 1987,0.0
21 Nov 1987,0.0
22 Nov 1987,0.0
23 Nov 1987,0.0
24 Nov 1987,0.0
25 Nov 1987,0.0
26 Nov 1987,0.0
27 Nov 1987,0.0
28 Nov 1987,0.0
29 Nov 1987,0.0
30 Nov 1987,0.0
1 Dec 1987,0.0
2 Dec 1987,0.0
3 Dec 1987,0.0
4 Dec 1987,0.0
5 Dec 1987,0.0
6 Dec 1987,0.0
7 Dec 1987,0.0
8 Dec 1987,0.0
9 Dec 1987,0.0
10 Dec 1987,0.0
11 Dec 1987,0.0
12 Dec 1987,0.0
13 Dec 1987,0.0
14 Dec 1987,0.0
15 Dec 1987,0.0
16 Dec 1987,0.0
17 Dec 1987,0.0
18 Dec 1987,0.0
19 Dec 1987,0.0
20 Dec 1987,0.0
21 Dec 1987,0.0
22 Dec 1987,0.0
23 Dec 1987,0.0
24 Dec 1987,0.0
25 Dec 1987,0.0
26 Dec 1987,0.0
27 Dec 1987,0.0
28 Dec 1987,0.0
29 Dec 1987,0.0
30 Dec 1987,0.0
31 Dec 1987,0.0
1 Jan 1988,0.0
2 Jan 1988,0.0
3 Jan 1988,0.0
5 Jan 1988,0.0
6 Jan 1988,0.0
7 Jan 1988,0.0
8 Jan 1988,0.0
9 Jan 1988,0.0
10 Jan 1988,0.0
11 Jan 1988,0.0
12 Jan 1988,0.0
13 Jan 1988,0.0
14 Jan 1988,0.0
15 Jan 1988,0.0
16 Jan 1988,0.0
17 Jan 1988,0.0
18 Jan 1988,0.0
19 Jan 1988,0.0
20 Jan 1988,0.0
21 Jan 1988,0.0
22 Jan 1988,0.0
23 Jan 1988,0.0
24 Jan 1988,0.0
25 Jan 1988,0.0
26 Jan 1988,0.0
27 Jan 1988,0.0
28 Jan 1988,0.0
29 Jan 1988,0.0
30 Jan 1988,0.0
31 Jan 1988,0.0
1 Feb 1988,0.0
2 Feb 1988,0.0
3 Feb 1988,0.0
4 Feb 1988,0.0
5 Feb 1988,0.0
6 Feb 1988,0.0
7 Feb 1988,0.0
8 Feb 1988,0.0
9 Feb 1988,0.0
10 Feb 1988,0.0
11 Feb 1988,0.0
12 Feb 1988,0.0
13 Feb 1988,0.0
14 Feb 1988,0.0
15 Feb 1988,0.0
16 Feb 1988,0.0
17 Feb 1988,0.0
18 Feb 1988,0.0
19 Feb 1988,0.0
20 Feb 1988,0.0
21 Feb 1988,0.0
22 Feb 1988,0.3392889
23 Feb 1988,0.0
24 Feb 1988,0.0
25 Feb 1988,0.0
26 Feb 1988,0.0
27 Feb 1988,0.0
28 Feb 1988,0.0
29 Feb 1988,0.0
1 Mar 1988,0.0
2 Mar 1988,0.0
3 Mar 1988,0.0
4 Mar 1988,0.0
5 Mar 1988,0.0
6 Mar 1988,0.0
7 Mar 1988,0.0
8 Mar 1988,0.0
9 Mar 1988,0.0
10 Mar 1988,0.0
11 Mar 1988,0.0
12 Mar 1988,0.0
13 Mar 1988,0.0
14 Mar 1988,0.0
15 Mar 1988,0.0
16 Mar 1988,0.0
17 Mar 1988,0.0
18 Mar 1988,2.096482
19 Mar 1988,0.0
20 Mar 1988,0.0
21 Mar 1988,0.0
22 Mar 1988,5.449032
23 Mar 1988,2.512831
24 Mar 1988,18.56951
25 Mar 1988,0.0
26 Mar 1988,0.0
27 Mar 1988,0.0
28 Mar 1988,0.0
30 Mar 1988,0.0
31 Mar 1988,2.220471
1 Apr 1988,0.0
2 Apr 1988,0.0
3 Apr 1988,0.0
4 Apr 1988,0.0
5 Apr 1988,0.0
6 Apr 1988,0.0
7 Apr 1988,0.0
8 Apr 1988,1.375203
9 Apr 1988,0.0
10 Apr 1988,4.627337
11 Apr 1988,2.286781
12 Apr 1988,0.0
13 Apr 1988,0.0
14 Apr 1988,4.023907
15 Apr 1988,7.175714
16 Apr 1988,2.850653
17 Apr 1988,5.738437
18 Apr 1988,3.191441
19 Apr 1988,0.0
20 Apr 1988,0.0
21 Apr 1988,4.914286
22 Apr 1988,0.0
23 Apr 1988,19.27638
24 Apr 1988,0.0
25 Apr 1988,0.0
26 Apr 1988,0.0
27 Apr 1988,0.0
28 Apr 1988,13.99729
29 Apr 1988,5.282658
30 Apr 1988,11.20613
1 May 1988,7.834951
2 May 1988,0.0
3 May 1988,0.0
4 May 1988,0.0
5 May 1988,0.0
6 May 1988,0.0
7 May 1988,0.0
8 May 1988,0.0
9 May 1988,0.6156322
10 May 1988,0.0
11 May 1988,0.0
12 May 1988,0.0
13 May 1988,0.0
14 May 1988,0.0
15 May 1988,0.0
16 May 1988,0.0
17 May 1988,0.0
18 May 1988,0.0
19 May 1988,0.0
20 May 1988,0.0
21 May 1988,0.0
22 May 1988,0.0
23 May 1988,0.0
24 May 1988,0.0
25 May 1988,0.0
26 May 1988,0.0
27 May 1988,0.0
28 May 1988,0.0
29 May 1988,0.0
30 May 1988,0.0
31 May 1988,0.0
1 Jun 1988,0.0
2 Jun 1988,0.0
3 Jun 1988,0.0
4 Jun 1988,0.0
5 Jun 1988,0.0
6 Jun 1988,0.0
7 Jun 1988,0.0
8 Jun 1988,0.0
9 Jun 1988,0.0
10 Jun 1988,0.0
11 Jun 1988,0.0
12 Jun 1988,0.0
13 Jun 1988,0.3380515
14 Jun 1988,0.0
15 Jun 1988,0.0
16 Jun 1988,0.0
17 Jun 1988,0.0
18 Jun 1988,0.0
19 Jun 1988,0.0
20 Jun 1988,0.0
21 Jun 1988,0.0
22 Jun 1988,0.0
23 Jun 1988,0.0
24 Jun 1988,0.0
25 Jun 1988,0.0
26 Jun 1988,0.0
27 Jun 1988,0.0
28 Jun 1988,0.0
29 Jun 1988,0.0
30 Jun 1988,0.0
1 Jul 1988,0.0
2 Jul 1988,0.0
3 Jul 1988,0.0
4 Jul 1988,0.0
5 Jul 1988,0.0
6 Jul 1988,0.0
7 Jul 1988,0.0
8 Jul 1988,0.0
9 Jul 1988,0.0
10 Jul 1988,0.0
11 Jul 1988,0.0
12 Jul 1988,0.0
13 Jul 1988,0.0
14 Jul 1988,0.0
15 Jul 1988,0.0
16 Jul 1988,0.0
17 Jul 1988,0.0
18 Jul 1988,0.0
19 Jul 1988,0.0
20 Jul 1988,0.0
22 Jul 1988,0.0
23 Jul 1988,0.0
24 Jul 1988,0.0
25 Jul 1988,0.0
26 Jul 1988,0.0
27 Jul 1988,0.0
28 Jul 1988,0.0
29 Jul 1988,0.0
30 Jul 1988,0.0
31 Jul 1988,0.0
1 Aug 1988,0.0
2 Aug 1988,0.0
3 Aug 1988,0.5611043
4 Aug 1988,0.0
5 Aug 1988,0.0
6 Aug 1988,0.0
7 Aug 1988,0.0
8 Aug 1988,0.0
9 Aug 1988,0.0
10 Aug 1988,0.0
11 Aug 1988,0.0
12 Aug 1988,0.0
13 Aug 1988,0.0
14 Aug 1988,0.0
15 Aug 1988,0.0
16 Aug 1988,0.0
17 Aug 1988,0.0
18 Aug 1988,0.0
19 Aug 1988,0.0
20 Aug 1988,0.0
21 Aug 1988,0.0
22 Aug 1988,0.0
23 Aug 1988,0.0
24 Aug 1988,0.0
25 Aug 1988,0.0
26 Aug 1988,0.0
27 Aug 1988,0.0
28 Aug 1988,0.0
29 Aug 1988,0.0
30 Aug 1988,0.0
31 Aug 1988,0.0
1 Sep 1988,0.0
2 Sep 1988,0.0
3 Sep 1988,0.0
4 Sep 1988,0.0
5 Sep 1988,0.0
6 Sep 1988,0.0
7 Sep 1988,0.0
8 Sep 1988,0.0
9 Sep 1988,0.0
10 Sep 1988,0.0
11 Sep 1988,0.0
13 Sep 1988,0.0
15 Sep 1988,0.0
16 Sep 1988,0.0
17 Sep 1988,0.0
18 Sep 1988,0.0
19 Sep 1988,0.0
20 Sep 1988,2.469532
21 Sep 1988,0.0
22 Sep 1988,0.0
23 Sep 1988,0.0
24 Sep 1988,0.0
25 Sep 1988,0.0
26 Sep 1988,0.0
27 Sep 1988,0.0
28 Sep 1988,0.0
29 Sep 1988,0.0
30 Sep 1988,0.0
1 Oct 1988,0.0
2 Oct 1988,0.0
3 Oct 1988,0.0
4 Oct 1988,0.0
5 Oct 1988,0.0
6 Oct 1988,0.0
7 Oct 1988,0.0
8 Oct 1988,0.0
9 Oct 1988,0.0
10 Oct 1988,0.0
12 Oct 1988,0.0
13 Oct 1988,0.0
14 Oct 1988,0.0
15 Oct 1988,0.0
16 Oct 1988,0.0
17 Oct 1988,0.0
18 Oct 1988,0.0
19 Oct 1988,0.0
20 Oct 1988,0.0
21 Oct 1988,0.0
22 Oct 1988,0.0
23 Oct 1988,0.0
24 Oct 1988,0.0
25 Oct 1988,0.0
26 Oct 1988,0.0
27 Oct 1988,0.0
28 Oct 1988,0.0
29 Oct 1988,0.0
30 Oct 1988,0.0
31 Oct 1988,0.0
1 Nov 1988,3.584047
2 Nov 1988,19.65595
3 Nov 1988,0.0
4 Nov 1988,0.0
5 Nov 1988,0.0
6 Nov 1988,0.0
7 Nov 1988,0.0
8 Nov 1988,0.0
9 Nov 1988,0.0
10 Nov 1988,0.0
11 Nov 1988,0.0
12 Nov 1988,0.7036105
13 Nov 1988,0.0
14 Nov 1988,0.0
5 Jan 1989,0.0
6 Jan 1989,0.0
7 Jan 1989,0.0
8 Jan 1989,0.0
9 Jan 1989,0.0
10 Jan 1989,0.0
11 Jan 1989,0.0
12 Jan 1989,0.0
13 Jan 1989,0.0
14 Jan 1989,0.0
15 Jan 1989,0.0
16 Jan 1989,0.0
17 Jan 1989,3.174245
18 Jan 1989,0.0
19 Jan 1989,0.0
20 Jan 1989,0.0
21 Jan 1989,0.0
22 Jan 1989,0.0
23 Jan 1989,0.0
24 Jan 1989,0.0
25 Jan 1989,0.0
26 Jan 1989,0.0
27 Jan 1989,0.0
28 Jan 1989,0.0
29 Jan 1989,0.0
30 Jan 1989,0.0
2 Feb 1989,0.0
3 Feb 1989,0.0
4 Feb 1989,0.0
5 Feb 1989,0.0
6 Feb 1989,0.0
7 Feb 1989,0.0
8 Feb 1989,0.0
9 Feb 1989,0.0
10 Feb 1989,0.0
11 Feb 1989,0.0
12 Feb 1989,0.0
13 Feb 1989,0.0
14 Feb 1989,0.0
15 Feb 1989,0.0
16 Feb 1989,0.0
17 Feb 1989,0.0
18 Feb 1989,0.0
19 Feb 1989,0.0
21 Feb 1989,0.0
22 Feb 1989,0.0
23 Feb 1989,0.0
24 Feb 1989,0.0
25 Feb 1989,0.0
26 Feb 1989,0.0
27 Feb 1989,0.0
28 Feb 1989,0.0
1 Mar 1989,0.0
2 Mar 1989,0.0
3 Mar 1989,0.0
4 Mar 1989,0.0
5 Mar 1989,0.0
6 Mar 1989,0.0
8 Mar 1989,0.0
9 Mar 1989,0.0
10 Mar 1989,0.0
11 Mar 1989,0.0
12 Mar 1989,0.0
13 Mar 1989,0.0
14 Mar 1989,0.0
15 Mar 1989,0.0
16 Mar 1989,0.0
17 Mar 1989,0.0
18 Mar 1989,0.0
19 Mar 1989,0.0
20 Mar 1989,0.556051
21 Mar 1989,0.0
22 Mar 1989,0.0
23 Mar 1989,0.0
24 Mar 1989,0.0
25 Mar 1989,0.0
26 Mar 1989,0.0
27 Mar 1989,4.763799
28 Mar 1989,0.0
29 Mar 1989,0.0
30 Mar 1989,1.657831
31 Mar 1989,0.0
1 Apr 1989,0.4174238
2 Apr 1989,0.0
3 Apr 1989,0.0
4 Apr 1989,0.0
7 Apr 1989,10.81137
8 Apr 1989,44.82106
9 Apr 1989,4.080585
10 Apr 1989,0.0
11 Apr 1989,0.0
12 Apr 1989,0.0
13 Apr 1989,0.0
14 Apr 1989,2.59807
15 Apr 1989,0.0
16 Apr 1989,0.0
17 Apr 1989,0.0
18 Apr 1989,0.0
20 Apr 1989,0.0
21 Apr 1989,1.104768
22 Apr 1989,0.0
23 Apr 1989,0.3291193
24 Apr 1989,0.0
25 Apr 1989,3.359842
29 Apr 1989,0.0
30 Apr 1989,0.0
1 May 1989,0.5772871
2 May 1989,0.0
3 May 1989,2.513241
4 May 1989,4.026102
5 May 1989,33.79437
6 May 1989,0.0
7 May 1989,0.0
8 May 1989,0.0
9 May 1989,0.0
10 May 1989,2.141929
11 May 1989,0.0
12 May 1989,0.0
13 May 1989,3.55725
14 May 1989,0.0
15 May 1989,0.0
16 May 1989,0.0
18 May 1989,0.0
19 May 1989,0.0
20 May 1989,0.0
21 May 1989,0.0
25 May 1989,0.0
26 May 1989,0.0
27 May 1989,0.0
28 May 1989,0.0
29 May 1989,0.0
30 May 1989,0.0
31 May 1989,0.0
1 Jun 1989,0.0
2 Jun 1989,0.0
3 Jun 1989,0.0
4 Jun 1989,0.0
5 Jun 1989,0.0
7 Jun 1989,0.0
8 Jun 1989,0.0
9 Jun 1989,0.0
10 Jun 1989,0.0
11 Jun 1989,0.0
12 Jun 1989,0.0
13 Jun 1989,0.0
14 Jun 1989,0.0
15 Jun 1989,0.0
16 Jun 1989,0.0
17 Jun 1989,0.0
18 Jun 1989,0.0
19 Jun 1989,0.0
20 Jun 1989,0.0
21 Jun 1989,0.0
22 Jun 1989,0.0
23 Jun 1989,0.0
24 Jun 1989,0.0
25 Jun 1989,0.0
26 Jun 1989,0.0
27 Jun 1989,0.0
28 Jun 1989,0.0
29 Jun 1989,0.0
30 Jun 1989,0.0
1 Jul 1989,0.0
2 Jul 1989,0.0
3 Jul 1989,0.0
4 Jul 1989,0.0
5 Jul 1989,0.0
6 Jul 1989,0.0
7 Jul 1989,0.0
8 Jul 1989,0.0
9 Jul 1989,0.0
10 Jul 1989,0.0
11 Jul 1989,0.0
12 Jul 1989,0.0
13 Jul 1989,0.0
14 Jul 1989,0.0
15 Jul 1989,0.0
16 Jul 1989,0.0
17 Jul 1989,0.0
18 Jul 1989,0.0
19 Jul 1989,0.0
20 Jul 1989,0.0
21 Jul 1989,0.0
22 Jul 1989,0.0
23 Jul 1989,0.0
24 Jul 1989,0.0
25 Jul 1989,0.0
26 Jul 1989,0.0
27 Jul 1989,0.0
28 Jul 1989,0.0
29 Jul 1989,0.0
30 Jul 1989,0.0
31 Jul 1989,0.0
1 Aug 1989,0.0
3 Aug 1989,0.0
4 Aug 1989,0.0
5 Aug 1989,0.0
6 Aug 1989,0.0
7 Aug 1989,1.609847
8 Aug 1989,0.0
9 Aug 1989,0.0
10 Aug 1989,0.0
11 Aug 1989,0.0
12 Aug 1989,0.6486457
13 Aug 1989,0.0
14 Aug 1989,0.0
15 Aug 1989,0.0
16 Aug 1989,0.0
17 Aug 1989,0.0
18 Aug 1989,0.0
19 Aug 1989,0.0
20 Aug 1989,0.0
21 Aug 1989,0.0
22 Aug 1989,0.0
23 Aug 1989,0.0
24 Aug 1989,0.0
25 Aug 1989,0.0
26 Aug 1989,0.0
27 Aug 1989,0.0
28 Aug 1989,0.0
29 Aug 1989,0.0
30 Aug 1989,0.0
31 Aug 1989,0.0
1 Sep 1989,0.0
2 Sep 1989,0.0
3 Sep 1989,0.0
4 Sep 1989,0.0
5 Sep 1989,0.0
6 Sep 1989,0.0
8 Sep 1989,0.0
9 Sep 1989,0.0
10 Sep 1989,0.0
11 Sep 1989,0.0
12 Sep 1989,0.0
13 Sep 1989,0.0
14 Sep 1989,0.0
15 Sep 1989,0.0
16 Sep 1989,0.0
17 Sep 1989,0.0
19 Sep 1989,0.0
20 Sep 1989,0.0
21 Sep 1989,0.0
22 Sep 1989,0.0
23 Sep 1989,0.0
24 Sep 1989,0.0
25 Sep 1989,0.0
26 Sep 1989,0.0
27 Sep 1989,0.5040243
28 Sep 1989,0.0
29 Sep 1989,0.5262756
30 Sep 1989,0.0
1 Oct 1989,0.0
2 Oct 1989,0.0
3 Oct 1989,0.0
4 Oct 1989,0.0
5 Oct 1989,0.0
6 Oct 1989,11.60264
7 Oct 1989,0.0
8 Oct 1989,0.0
9 Oct 1989,0.0
11 Oct 1989,0.0
12 Oct 1989,0.0
13 Oct 1989,0.0
14 Oct 1989,3.69405
15 Oct 1989,0.0
16 Oct 1989,0.0
17 Oct 1989,0.7264819
18 Oct 1989,2.097701
19 Oct 1989,0.6011384
20 Oct 1989,0.0
21 Oct 1989,0.0
22 Oct 1989,0.0
23 Oct 1989,0.0
24 Oct 1989,0.0
25 Oct 1989,0.0
26 Oct 1989,0.0
27 Oct 1989,0.0
28 Oct 1989,0.0
29 Oct 1989,0.9724726
30 Oct 1989,0.0
1 Nov 1989,0.0
2 Nov 1989,0.0
3 Nov 1989,0.0
4 Nov 1989,0.0
5 Nov 1989,0.0
6 Nov 1989,0.0
9 Nov 1989,0.0
12 Nov 1989,3.286629
13 Nov 1989,2.006578
14 Nov 1989,0.0
15 Nov 1989,0.0
16 Nov 1989,3.953276
17 Nov 1989,1.806908
18 Nov 1989,0.0
19 Nov 1989,3.734235
20 Nov 1989,0.0
21 Nov 1989,1.068473
22 Nov 1989,0.0
23 Nov 1989,0.0
24 Nov 1989,0.0
25 Nov 1989,4.702724
26 Nov 1989,0.8094531
27 Nov 1989,0.0
28 Nov 1989,0.0
29 Nov 1989,0.0
30 Nov 1989,0.0
1 Dec 1989,0.0
2 Dec 1989,0.0
3 Dec 1989,0.0
4 Dec 1989,0.0
5 Dec 1989,0.0
8 Dec 1989,3.924827
9 Dec 1989,0.0
10 Dec 1989,0.0
11 Dec 1989,0.0
12 Dec 1989,0.0
13 Dec 1989,0.0
14 Dec 1989,0.0
15 Dec 1989,0.0
16 Dec 1989,0.0
17 Dec 1989,0.0
18 Dec 1989,0.0
19 Dec 1989,0.0
20 Dec 1989,0.0
21 Dec 1989,0.0
22 Dec 1989,0.0
