Date,Year,Month,Day,Dekad,Pentad,DOY,DOY366,MonthDay,YearMonth,YearDekad,YearPentad,SomaliSeason,file_list.in
2001-01-01,2001,1,1,1,1,1,1,101,200101,200101,200101,Dehr,africa_rfe.20010101.tif.zip
2001-01-02,2001,1,2,1,1,2,2,102,200101,200101,200101,Dehr,africa_rfe.20010102.tif.zip
2001-01-03,2001,1,3,1,1,3,3,103,200101,200101,200101,Dehr,africa_rfe.20010103.tif.zip
2001-01-04,2001,1,4,1,1,4,4,104,200101,200101,200101,Dehr,africa_rfe.20010104.tif.zip
2001-01-05,2001,1,5,1,1,5,5,105,200101,200101,200101,Dehr,africa_rfe.20010105.tif.zip
2001-01-06,2001,1,6,1,2,6,6,106,200101,200101,200102,Dehr,africa_rfe.20010106.tif.zip
2001-01-07,2001,1,7,1,2,7,7,107,200101,200101,200102,Dehr,africa_rfe.20010107.tif.zip
2001-01-08,2001,1,8,1,2,8,8,108,200101,200101,200102,Dehr,africa_rfe.20010108.tif.zip
2001-01-09,2001,1,9,1,2,9,9,109,200101,200101,200102,Dehr,africa_rfe.20010109.tif.zip
2001-01-10,2001,1,10,1,2,10,10,110,200101,200101,200102,Dehr,africa_rfe.20010110.tif.zip
2001-01-11,2001,1,11,2,3,11,11,111,200101,200102,200103,Dehr,africa_rfe.20010111.tif.zip
2001-01-12,2001,1,12,2,3,12,12,112,200101,200102,200103,Dehr,africa_rfe.20010112.tif.zip
2001-01-13,2001,1,13,2,3,13,13,113,200101,200102,200103,Dehr,africa_rfe.20010113.tif.zip
2001-01-14,2001,1,14,2,3,14,14,114,200101,200102,200103,Dehr,africa_rfe.20010114.tif.zip
2001-01-15,2001,1,15,2,3,15,15,115,200101,200102,200103,Dehr,africa_rfe.20010115.tif.zip
2001-01-16,2001,1,16,2,4,16,16,116,200101,200102,200104,Dehr,africa_rfe.20010116.tif.zip
2001-01-17,2001,1,17,2,4,17,17,117,200101,200102,200104,Dehr,africa_rfe.20010117.tif.zip
2001-01-18,2001,1,18,2,4,18,18,118,200101,200102,200104,Dehr,africa_rfe.20010118.tif.zip
2001-01-28,2001,1,28,3,6,28,28,128,200101,200103,200106,Jiilal,africa_rfe.20010128.tif.zip
2001-01-29,2001,1,29,3,6,29,29,129,200101,200103,200106,Jiilal,africa_rfe.20010129.tif.zip
2001-01-30,2001,1,30,3,6,30,30,130,200101,200103,200106,Jiilal,africa_rfe.20010130.tif.zip
2001-01-31,2001,1,31,3,6,31,31,131,200101,200103,200106,Jiilal,africa_rfe.20010131.tif.zip
2001-02-01,2001,2,1,4,7,32,32,201,200102,200104,200107,Jiilal,africa_rfe.20010201.tif.zip
2001-02-02,2001,2,2,4,7,33,33,202,200102,200104,200107,Jiilal,africa_rfe.20010202.tif.zip
2001-02-03,2001,2,3,4,7,34,34,203,200102,200104,200107,Jiilal,africa_rfe.20010203.tif.zip
2001-02-04,2001,2,4,4,7,35,35,204,200102,200104,200107,Jiilal,africa_rfe.20010204.tif.zip
2001-02-05,2001,2,5,4,7,36,36,205,200102,200104,200107,Jiilal,africa_rfe.20010205.tif.zip
2001-02-06,2001,2,6,4,8,37,37,206,200102,200104,200108,Jiilal,africa_rfe.20010206.tif.zip
2001-02-07,2001,2,7,4,8,38,38,207,200102,200104,200108,Jiilal,africa_rfe.20010207.tif.zip
2001-02-08,2001,2,8,4,8,39,39,208,200102,200104,200108,Jiilal,africa_rfe.20010208.tif.zip
2001-02-09,2001,2,9,4,8,40,40,209,200102,200104,200108,Jiilal,africa_rfe.20010209.tif.zip
2001-02-10,2001,2,10,4,8,41,41,210,200102,200104,200108,Jiilal,africa_rfe.20010210.tif.zip
2001-02-11,2001,2,11,5,9,42,42,211,200102,200105,200109,Jiilal,africa_rfe.20010211.tif.zip
2001-02-12,2001,2,12,5,9,43,43,212,200102,200105,200109,Jiilal,africa_rfe.20010212.tif.zip
2001-02-13,2001,2,13,5,9,44,44,213,200102,200105,200109,Jiilal,africa_rfe.20010213.tif.zip
2001-02-14,2001,2,14,5,9,45,45,214,200102,200105,200109,Jiilal,africa_rfe.20010214.tif.zip
2001-02-15,2001,2,15,5,9,46,46,215,200102,200105,200109,Jiilal,africa_rfe.20010215.tif.zip
2001-02-16,2001,2,16,5,10,47,47,216,200102,200105,200110,Jiilal,africa_rfe.20010216.tif.zip
2001-02-17,2001,2,17,5,10,48,48,217,200102,200105,200110,Jiilal,africa_rfe.20010217.tif.zip
2001-02-18,2001,2,18,5,10,49,49,218,200102,200105,200110,Jiilal,africa_rfe.20010218.tif.zip
2001-02-19,2001,2,19,5,10,50,50,219,200102,200105,200110,Jiilal,africa_rfe.20010219.tif.zip
2001-02-20,2001,2,20,5,10,51,51,220,200102,200105,200110,Jiilal,africa_rfe.20010220.tif.zip
2001-02-21,2001,2,21,6,11,52,52,221,200102,200106,200111,Jiilal,africa_rfe.20010221.tif.zip
2001-02-22,2001,2,22,6,11,53,53,222,200102,200106,200111,Jiilal,africa_rfe.20010222.tif.zip
2001-02-23,2001,2,23,6,11,54,54,223,200102,200106,200111,Jiilal,africa_rfe.20010223.tif.zip
2001-02-24,2001,2,24,6,11,55,55,224,200102,200106,200111,Jiilal,africa_rfe.20010224.tif.zip
2001-02-25,2001,2,25,6,11,56,56,225,200102,200106,200111,Jiilal,africa_rfe.20010225.tif.zip
2001-02-26,2001,2,26,6,12,57,57,226,200102,200106,200112,Jiilal,africa_rfe.20010226.tif.zip
2001-02-27,2001,2,27,6,12,58,58,227,200102,200106,200112,Jiilal,africa_rfe.20010227.tif.zip
2001-02-28,2001,2,28,6,12,59,59,228,200102,200106,200112,Jiilal,africa_rfe.20010228.tif.zip
2001-03-01,2001,3,1,7,13,60,61,301,200103,200107,200113,Jiilal,africa_rfe.20010301.tif.zip
2001-03-02,2001,3,2,7,13,61,62,302,200103,200107,200113,Jiilal,africa_rfe.20010302.tif.zip
2001-03-03,2001,3,3,7,13,62,63,303,200103,200107,200113,Jiilal,africa_rfe.20010303.tif.zip
2001-03-04,2001,3,4,7,13,63,64,304,200103,200107,200113,Jiilal,africa_rfe.20010304.tif.zip
2001-03-05,2001,3,5,7,13,64,65,305,200103,200107,200113,Jiilal,africa_rfe.20010305.tif.zip
2001-03-06,2001,3,6,7,14,65,66,306,200103,200107,200114,Jiilal,africa_rfe.20010306.tif.zip
2001-03-07,2001,3,7,7,14,66,67,307,200103,200107,200114,Jiilal,africa_rfe.20010307.tif.zip
2001-03-08,2001,3,8,7,14,67,68,308,200103,200107,200114,Jiilal,africa_rfe.20010308.tif.zip
2001-03-09,2001,3,9,7,14,68,69,309,200103,200107,200114,Jiilal,africa_rfe.20010309.tif.zip
2001-03-10,2001,3,10,7,14,69,70,310,200103,200107,200114,Jiilal,africa_rfe.20010310.tif.zip
2001-03-11,2001,3,11,8,15,70,71,311,200103,200108,200115,Jiilal,africa_rfe.20010311.tif.zip
2001-03-12,2001,3,12,8,15,71,72,312,200103,200108,200115,Jiilal,africa_rfe.20010312.tif.zip
2001-03-13,2001,3,13,8,15,72,73,313,200103,200108,200115,Jiilal,africa_rfe.20010313.tif.zip
2001-03-14,2001,3,14,8,15,73,74,314,200103,200108,200115,Jiilal,africa_rfe.20010314.tif.zip
2001-03-15,2001,3,15,8,15,74,75,315,200103,200108,200115,Jiilal,africa_rfe.20010315.tif.zip
2001-03-16,2001,3,16,8,16,75,76,316,200103,200108,200116,Jiilal,africa_rfe.20010316.tif.zip
2001-03-17,2001,3,17,8,16,76,77,317,200103,200108,200116,Jiilal,africa_rfe.20010317.tif.zip
2001-03-18,2001,3,18,8,16,77,78,318,200103,200108,200116,Jiilal,africa_rfe.20010318.tif.zip
2001-03-19,2001,3,19,8,16,78,79,319,200103,200108,200116,Jiilal,africa_rfe.20010319.tif.zip
2001-03-20,2001,3,20,8,16,79,80,320,200103,200108,200116,Jiilal,africa_rfe.20010320.tif.zip
2001-03-21,2001,3,21,9,17,80,81,321,200103,200109,200117,Jiilal,africa_rfe.20010321.tif.zip
2001-03-22,2001,3,22,9,17,81,82,322,200103,200109,200117,Jiilal,africa_rfe.20010322.tif.zip
2001-03-23,2001,3,23,9,17,82,83,323,200103,200109,200117,Jiilal,africa_rfe.20010323.tif.zip
2001-03-24,2001,3,24,9,17,83,84,324,200103,200109,200117,Jiilal,africa_rfe.20010324.tif.zip
2001-03-25,2001,3,25,9,17,84,85,325,200103,200109,200117,Jiilal,africa_rfe.20010325.tif.zip
2001-03-26,2001,3,26,9,18,85,86,326,200103,200109,200118,Jiilal,africa_rfe.20010326.tif.zip
2001-03-27,2001,3,27,9,18,86,87,327,200103,200109,200118,Jiilal,africa_rfe.20010327.tif.zip
2001-03-28,2001,3,28,9,18,87,88,328,200103,200109,200118,Jiilal,africa_rfe.20010328.tif.zip
2001-03-29,2001,3,29,9,18,88,89,329,200103,200109,200118,Jiilal,africa_rfe.20010329.tif.zip
2001-03-30,2001,3,30,9,18,89,90,330,200103,200109,200118,Jiilal,africa_rfe.20010330.tif.zip
2001-03-31,2001,3,31,9,18,90,91,331,200103,200109,200118,Jiilal,africa_rfe.20010331.tif.zip
2001-04-01,2001,4,1,10,19,91,92,401,200104,200110,200119,Jiilal,africa_rfe.20010401.tif.zip
2001-04-02,2001,4,2,10,19,92,93,402,200104,200110,200119,Jiilal,africa_rfe.20010402.tif.zip
2001-04-03,2001,4,3,10,19,93,94,403,200104,200110,200119,Jiilal,africa_rfe.20010403.tif.zip
2001-04-04,2001,4,4,10,19,94,95,404,200104,200110,200119,Jiilal,africa_rfe.20010404.tif.zip
2001-04-05,2001,4,5,10,19,95,96,405,200104,200110,200119,Jiilal,africa_rfe.20010405.tif.zip
2001-04-06,2001,4,6,10,20,96,97,406,200104,200110,200120,Jiilal,africa_rfe.20010406.tif.zip
2001-04-07,2001,4,7,10,20,97,98,407,200104,200110,200120,Jiilal,africa_rfe.20010407.tif.zip
2001-04-08,2001,4,8,10,20,98,99,408,200104,200110,200120,Jiilal,africa_rfe.20010408.tif.zip
2001-04-09,2001,4,9,10,20,99,100,409,200104,200110,200120,Jiilal,africa_rfe.20010409.tif.zip
2001-04-10,2001,4,10,10,20,100,101,410,200104,200110,200120,Jiilal,africa_rfe.20010410.tif.zip
2001-04-11,2001,4,11,11,21,101,102,411,200104,200111,200121,Gu,africa_rfe.20010411.tif.zip
2001-04-12,2001,4,12,11,21,102,103,412,200104,200111,200121,Gu,africa_rfe.20010412.tif.zip
2001-04-13,2001,4,13,11,21,103,104,413,200104,200111,200121,Gu,africa_rfe.20010413.tif.zip
2001-04-14,2001,4,14,11,21,104,105,414,200104,200111,200121,Gu,africa_rfe.20010414.tif.zip
2001-04-15,2001,4,15,11,21,105,106,415,200104,200111,200121,Gu,africa_rfe.20010415.tif.zip
2001-04-16,2001,4,16,11,22,106,107,416,200104,200111,200122,Gu,africa_rfe.20010416.tif.zip
2001-04-17,2001,4,17,11,22,107,108,417,200104,200111,200122,Gu,africa_rfe.20010417.tif.zip
2001-04-18,2001,4,18,11,22,108,109,418,200104,200111,200122,Gu,africa_rfe.20010418.tif.zip
2001-04-19,2001,4,19,11,22,109,110,419,200104,200111,200122,Gu,africa_rfe.20010419.tif.zip
2001-04-20,2001,4,20,11,22,110,111,420,200104,200111,200122,Gu,africa_rfe.20010420.tif.zip
2001-04-21,2001,4,21,12,23,111,112,421,200104,200112,200123,Gu,africa_rfe.20010421.tif.zip
2001-04-22,2001,4,22,12,23,112,113,422,200104,200112,200123,Gu,africa_rfe.20010422.tif.zip
2001-04-23,2001,4,23,12,23,113,114,423,200104,200112,200123,Gu,africa_rfe.20010423.tif.zip
2001-04-24,2001,4,24,12,23,114,115,424,200104,200112,200123,Gu,africa_rfe.20010424.tif.zip
2001-04-25,2001,4,25,12,23,115,116,425,200104,200112,200123,Gu,africa_rfe.20010425.tif.zip
2001-04-26,2001,4,26,12,24,116,117,426,200104,200112,200124,Gu,africa_rfe.20010426.tif.zip
2001-04-27,2001,4,27,12,24,117,118,427,200104,200112,200124,Gu,africa_rfe.20010427.tif.zip
2001-04-28,2001,4,28,12,24,118,119,428,200104,200112,200124,Gu,africa_rfe.20010428.tif.zip
2001-04-29,2001,4,29,12,24,119,120,429,200104,200112,200124,Gu,africa_rfe.20010429.tif.zip
2001-04-30,2001,4,30,12,24,120,121,430,200104,200112,200124,Gu,africa_rfe.20010430.tif.zip
2001-05-01,2001,5,1,13,25,121,122,501,200105,200113,200125,Gu,africa_rfe.20010501.tif.zip
2001-05-02,2001,5,2,13,25,122,123,502,200105,200113,200125,Gu,africa_rfe.20010502.tif.zip
2001-05-03,2001,5,3,13,25,123,124,503,200105,200113,200125,Gu,africa_rfe.20010503.tif.zip
2001-05-04,2001,5,4,13,25,124,125,504,200105,200113,200125,Gu,africa_rfe.20010504.tif.zip
2001-05-05,2001,5,5,13,25,125,126,505,200105,200113,200125,Gu,africa_rfe.20010505.tif.zip
2001-05-06,2001,5,6,13,26,126,127,506,200105,200113,200126,Gu,africa_rfe.20010506.tif.zip
2001-05-07,2001,5,7,13,26,127,128,507,200105,200113,200126,Gu,africa_rfe.20010507.tif.zip
2001-05-08,2001,5,8,13,26,128,129,508,200105,200113,200126,Gu,africa_rfe.20010508.tif.zip
2001-05-09,2001,5,9,13,26,129,130,509,200105,200113,200126,Gu,africa_rfe.20010509.tif.zip
2001-05-10,2001,5,10,13,26,130,131,510,200105,200113,200126,Gu,africa_rfe.20010510.tif.zip
2001-05-11,2001,5,11,14,27,131,132,511,200105,200114,200127,Gu,africa_rfe.20010511.tif.zip
2001-05-12,2001,5,12,14,27,132,133,512,200105,200114,200127,Gu,africa_rfe.20010512.tif.zip
2001-05-13,2001,5,13,14,27,133,134,513,200105,200114,200127,Gu,africa_rfe.20010513.tif.zip
2001-05-14,2001,5,14,14,27,134,135,514,200105,200114,200127,Gu,africa_rfe.20010514.tif.zip
2001-05-15,2001,5,15,14,27,135,136,515,200105,200114,200127,Gu,africa_rfe.20010515.tif.zip
2001-05-16,2001,5,16,14,28,136,137,516,200105,200114,200128,Gu,africa_rfe.20010516.tif.zip
2001-05-17,2001,5,17,14,28,137,138,517,200105,200114,200128,Gu,africa_rfe.20010517.tif.zip
2001-05-18,2001,5,18,14,28,138,139,518,200105,200114,200128,Gu,africa_rfe.20010518.tif.zip
2001-05-19,2001,5,19,14,28,139,140,519,200105,200114,200128,Gu,africa_rfe.20010519.tif.zip
2001-05-20,2001,5,20,14,28,140,141,520,200105,200114,200128,Gu,africa_rfe.20010520.tif.zip
2001-05-21,2001,5,21,15,29,141,142,521,200105,200115,200129,Gu,africa_rfe.20010521.tif.zip
2001-05-22,2001,5,22,15,29,142,143,522,200105,200115,200129,Gu,africa_rfe.20010522.tif.zip
2001-05-23,2001,5,23,15,29,143,144,523,200105,200115,200129,Gu,africa_rfe.20010523.tif.zip
2001-05-24,2001,5,24,15,29,144,145,524,200105,200115,200129,Gu,africa_rfe.20010524.tif.zip
2001-05-25,2001,5,25,15,29,145,146,525,200105,200115,200129,Gu,africa_rfe.20010525.tif.zip
2001-05-26,2001,5,26,15,30,146,147,526,200105,200115,200130,Gu,africa_rfe.20010526.tif.zip
2001-05-27,2001,5,27,15,30,147,148,527,200105,200115,200130,Gu,africa_rfe.20010527.tif.zip
2001-05-28,2001,5,28,15,30,148,149,528,200105,200115,200130,Gu,africa_rfe.20010528.tif.zip
2001-05-29,2001,5,29,15,30,149,150,529,200105,200115,200130,Gu,africa_rfe.20010529.tif.zip
2001-05-30,2001,5,30,15,30,150,151,530,200105,200115,200130,Gu,africa_rfe.20010530.tif.zip
2001-05-31,2001,5,31,15,30,151,152,531,200105,200115,200130,Gu,africa_rfe.20010531.tif.zip
2001-06-01,2001,6,1,16,31,152,153,601,200106,200116,200131,Gu,africa_rfe.20010601.tif.zip
2001-06-02,2001,6,2,16,31,153,154,602,200106,200116,200131,Gu,africa_rfe.20010602.tif.zip
2001-06-03,2001,6,3,16,31,154,155,603,200106,200116,200131,Gu,africa_rfe.20010603.tif.zip
2001-06-04,2001,6,4,16,31,155,156,604,200106,200116,200131,Gu,africa_rfe.20010604.tif.zip
2001-06-05,2001,6,5,16,31,156,157,605,200106,200116,200131,Gu,africa_rfe.20010605.tif.zip
2001-06-06,2001,6,6,16,32,157,158,606,200106,200116,200132,Gu,africa_rfe.20010606.tif.zip
2001-06-07,2001,6,7,16,32,158,159,607,200106,200116,200132,Gu,africa_rfe.20010607.tif.zip
2001-06-08,2001,6,8,16,32,159,160,608,200106,200116,200132,Gu,africa_rfe.20010608.tif.zip
2001-06-09,2001,6,9,16,32,160,161,609,200106,200116,200132,Gu,africa_rfe.20010609.tif.zip
2001-06-10,2001,6,10,16,32,161,162,610,200106,200116,200132,Gu,africa_rfe.20010610.tif.zip
2001-06-11,2001,6,11,17,33,162,163,611,200106,200117,200133,Gu,africa_rfe.20010611.tif.zip
2001-06-12,2001,6,12,17,33,163,164,612,200106,200117,200133,Gu,africa_rfe.20010612.tif.zip
2001-06-13,2001,6,13,17,33,164,165,613,200106,200117,200133,Gu,africa_rfe.20010613.tif.zip
2001-06-14,2001,6,14,17,33,165,166,614,200106,200117,200133,Gu,africa_rfe.20010614.tif.zip
2001-06-15,2001,6,15,17,33,166,167,615,200106,200117,200133,Gu,africa_rfe.20010615.tif.zip
2001-06-16,2001,6,16,17,34,167,168,616,200106,200117,200134,Gu,africa_rfe.20010616.tif.zip
2001-06-17,2001,6,17,17,34,168,169,617,200106,200117,200134,Gu,africa_rfe.20010617.tif.zip
2001-06-18,2001,6,18,17,34,169,170,618,200106,200117,200134,Gu,africa_rfe.20010618.tif.zip
2001-06-19,2001,6,19,17,34,170,171,619,200106,200117,200134,Gu,africa_rfe.20010619.tif.zip
2001-06-20,2001,6,20,17,34,171,172,620,200106,200117,200134,Gu,africa_rfe.20010620.tif.zip
2001-06-21,2001,6,21,18,35,172,173,621,200106,200118,200135,Gu,africa_rfe.20010621.tif.zip
2001-06-22,2001,6,22,18,35,173,174,622,200106,200118,200135,Gu,africa_rfe.20010622.tif.zip
2001-06-23,2001,6,23,18,35,174,175,623,200106,200118,200135,Gu,africa_rfe.20010623.tif.zip
2001-06-24,2001,6,24,18,35,175,176,624,200106,200118,200135,Gu,africa_rfe.20010624.tif.zip
2001-06-25,2001,6,25,18,35,176,177,625,200106,200118,200135,Gu,africa_rfe.20010625.tif.zip
2001-06-26,2001,6,26,18,36,177,178,626,200106,200118,200136,Gu,africa_rfe.20010626.tif.zip
2001-06-27,2001,6,27,18,36,178,179,627,200106,200118,200136,Gu,africa_rfe.20010627.tif.zip
2001-06-28,2001,6,28,18,36,179,180,628,200106,200118,200136,Gu,africa_rfe.20010628.tif.zip
2001-06-29,2001,6,29,18,36,180,181,629,200106,200118,200136,Gu,africa_rfe.20010629.tif.zip
2001-06-30,2001,6,30,18,36,181,182,630,200106,200118,200136,Gu,africa_rfe.20010630.tif.zip
2001-07-01,2001,7,1,19,37,182,183,701,200107,200119,200137,Xagaa,africa_rfe.20010701.tif.zip
2001-07-02,2001,7,2,19,37,183,184,702,200107,200119,200137,Xagaa,africa_rfe.20010702.tif.zip
2001-07-03,2001,7,3,19,37,184,185,703,200107,200119,200137,Xagaa,africa_rfe.20010703.tif.zip
2001-07-04,2001,7,4,19,37,185,186,704,200107,200119,200137,Xagaa,africa_rfe.20010704.tif.zip
2001-07-05,2001,7,5,19,37,186,187,705,200107,200119,200137,Xagaa,africa_rfe.20010705.tif.zip
2001-07-06,2001,7,6,19,38,187,188,706,200107,200119,200138,Xagaa,africa_rfe.20010706.tif.zip
2001-07-07,2001,7,7,19,38,188,189,707,200107,200119,200138,Xagaa,africa_rfe.20010707.tif.zip
2001-07-08,2001,7,8,19,38,189,190,708,200107,200119,200138,Xagaa,africa_rfe.20010708.tif.zip
2001-07-09,2001,7,9,19,38,190,191,709,200107,200119,200138,Xagaa,africa_rfe.20010709.tif.zip
2001-07-10,2001,7,10,19,38,191,192,710,200107,200119,200138,Xagaa,africa_rfe.20010710.tif.zip
2001-07-11,2001,7,11,20,39,192,193,711,200107,200120,200139,Xagaa,africa_rfe.20010711.tif.zip
2001-07-12,2001,7,12,20,39,193,194,712,200107,200120,200139,Xagaa,africa_rfe.20010712.tif.zip
2001-07-13,2001,7,13,20,39,194,195,713,200107,200120,200139,Xagaa,africa_rfe.20010713.tif.zip
2001-07-14,2001,7,14,20,39,195,196,714,200107,200120,200139,Xagaa,africa_rfe.20010714.tif.zip
2001-07-15,2001,7,15,20,39,196,197,715,200107,200120,200139,Xagaa,africa_rfe.20010715.tif.zip
2001-07-16,2001,7,16,20,40,197,198,716,200107,200120,200140,Xagaa,africa_rfe.20010716.tif.zip
2001-07-17,2001,7,17,20,40,198,199,717,200107,200120,200140,Xagaa,africa_rfe.20010717.tif.zip
2001-07-18,2001,7,18,20,40,199,200,718,200107,200120,200140,Xagaa,africa_rfe.20010718.tif.zip
2001-07-19,2001,7,19,20,40,200,201,719,200107,200120,200140,Xagaa,africa_rfe.20010719.tif.zip
2001-07-20,2001,7,20,20,40,201,202,720,200107,200120,200140,Xagaa,africa_rfe.20010720.tif.zip
2001-07-21,2001,7,21,21,41,202,203,721,200107,200121,200141,Xagaa,africa_rfe.20010721.tif.zip
2001-07-22,2001,7,22,21,41,203,204,722,200107,200121,200141,Xagaa,africa_rfe.20010722.tif.zip
2001-07-23,2001,7,23,21,41,204,205,723,200107,200121,200141,Xagaa,africa_rfe.20010723.tif.zip
2001-07-24,2001,7,24,21,41,205,206,724,200107,200121,200141,Xagaa,africa_rfe.20010724.tif.zip
2001-07-25,2001,7,25,21,41,206,207,725,200107,200121,200141,Xagaa,africa_rfe.20010725.tif.zip
2001-07-26,2001,7,26,21,42,207,208,726,200107,200121,200142,Xagaa,africa_rfe.20010726.tif.zip
2001-07-27,2001,7,27,21,42,208,209,727,200107,200121,200142,Xagaa,africa_rfe.20010727.tif.zip
2001-07-28,2001,7,28,21,42,209,210,728,200107,200121,200142,Xagaa,africa_rfe.20010728.tif.zip
2001-07-29,2001,7,29,21,42,210,211,729,200107,200121,200142,Xagaa,africa_rfe.20010729.tif.zip
2001-07-30,2001,7,30,21,42,211,212,730,200107,200121,200142,Xagaa,africa_rfe.20010730.tif.zip
2001-07-31,2001,7,31,21,42,212,213,731,200107,200121,200142,Xagaa,africa_rfe.20010731.tif.zip
2001-08-01,2001,8,1,22,43,213,214,801,200108,200122,200143,Xagaa,africa_rfe.20010801.tif.zip
2001-08-02,2001,8,2,22,43,214,215,802,200108,200122,200143,Xagaa,africa_rfe.20010802.tif.zip
2001-08-03,2001,8,3,22,43,215,216,803,200108,200122,200143,Xagaa,africa_rfe.20010803.tif.zip
2001-08-04,2001,8,4,22,43,216,217,804,200108,200122,200143,Xagaa,africa_rfe.20010804.tif.zip
2001-08-05,2001,8,5,22,43,217,218,805,200108,200122,200143,Xagaa,africa_rfe.20010805.tif.zip
2001-08-06,2001,8,6,22,44,218,219,806,200108,200122,200144,Xagaa,africa_rfe.20010806.tif.zip
2001-08-07,2001,8,7,22,44,219,220,807,200108,200122,200144,Xagaa,africa_rfe.20010807.tif.zip
2001-08-08,2001,8,8,22,44,220,221,808,200108,200122,200144,Xagaa,africa_rfe.20010808.tif.zip
2001-08-09,2001,8,9,22,44,221,222,809,200108,200122,200144,Xagaa,africa_rfe.20010809.tif.zip
2001-08-10,2001,8,10,22,44,222,223,810,200108,200122,200144,Xagaa,africa_rfe.20010810.tif.zip
2001-08-11,2001,8,11,23,45,223,224,811,200108,200123,200145,Xagaa,africa_rfe.20010811.tif.zip
2001-08-12,2001,8,12,23,45,224,225,812,200108,200123,200145,Xagaa,africa_rfe.20010812.tif.zip
2001-08-13,2001,8,13,23,45,225,226,813,200108,200123,200145,Xagaa,africa_rfe.20010813.tif.zip
2001-08-14,2001,8,14,23,45,226,227,814,200108,200123,200145,Xagaa,africa_rfe.20010814.tif.zip
2001-08-15,2001,8,15,23,45,227,228,815,200108,200123,200145,Xagaa,africa_rfe.20010815.tif.zip
2001-08-16,2001,8,16,23,46,228,229,816,200108,200123,200146,Xagaa,africa_rfe.20010816.tif.zip
2001-08-17,2001,8,17,23,46,229,230,817,200108,200123,200146,Xagaa,africa_rfe.20010817.tif.zip
2001-08-18,2001,8,18,23,46,230,231,818,200108,200123,200146,Xagaa,africa_rfe.20010818.tif.zip
2001-08-19,2001,8,19,23,46,231,232,819,200108,200123,200146,Xagaa,africa_rfe.20010819.tif.zip
2001-08-20,2001,8,20,23,46,232,233,820,200108,200123,200146,Xagaa,africa_rfe.20010820.tif.zip
2001-08-21,2001,8,21,24,47,233,234,821,200108,200124,200147,Xagaa,africa_rfe.20010821.tif.zip
2001-08-22,2001,8,22,24,47,234,235,822,200108,200124,200147,Xagaa,africa_rfe.20010822.tif.zip
2001-08-23,2001,8,23,24,47,235,236,823,200108,200124,200147,Xagaa,africa_rfe.20010823.tif.zip
2001-08-24,2001,8,24,24,47,236,237,824,200108,200124,200147,Xagaa,africa_rfe.20010824.tif.zip
2001-08-25,2001,8,25,24,47,237,238,825,200108,200124,200147,Xagaa,africa_rfe.20010825.tif.zip
2001-08-26,2001,8,26,24,48,238,239,826,200108,200124,200148,Xagaa,africa_rfe.20010826.tif.zip
2001-08-27,2001,8,27,24,48,239,240,827,200108,200124,200148,Xagaa,africa_rfe.20010827.tif.zip
2001-08-28,2001,8,28,24,48,240,241,828,200108,200124,200148,Xagaa,africa_rfe.20010828.tif.zip
2001-08-29,2001,8,29,24,48,241,242,829,200108,200124,200148,Xagaa,africa_rfe.20010829.tif.zip
2001-08-30,2001,8,30,24,48,242,243,830,200108,200124,200148,Xagaa,africa_rfe.20010830.tif.zip
2001-08-31,2001,8,31,24,48,243,244,831,200108,200124,200148,Xagaa,africa_rfe.20010831.tif.zip
2001-09-01,2001,9,1,25,49,244,245,901,200109,200125,200149,Xagaa,africa_rfe.20010901.tif.zip
2001-09-02,2001,9,2,25,49,245,246,902,200109,200125,200149,Xagaa,africa_rfe.20010902.tif.zip
2001-09-03,2001,9,3,25,49,246,247,903,200109,200125,200149,Xagaa,africa_rfe.20010903.tif.zip
2001-09-04,2001,9,4,25,49,247,248,904,200109,200125,200149,Xagaa,africa_rfe.20010904.tif.zip
2001-09-05,2001,9,5,25,49,248,249,905,200109,200125,200149,Xagaa,africa_rfe.20010905.tif.zip
2001-09-06,2001,9,6,25,50,249,250,906,200109,200125,200150,Xagaa,africa_rfe.20010906.tif.zip
2001-09-07,2001,9,7,25,50,250,251,907,200109,200125,200150,Xagaa,africa_rfe.20010907.tif.zip
2001-09-08,2001,9,8,25,50,251,252,908,200109,200125,200150,Xagaa,africa_rfe.20010908.tif.zip
2001-09-09,2001,9,9,25,50,252,253,909,200109,200125,200150,Xagaa,africa_rfe.20010909.tif.zip
2001-09-10,2001,9,10,25,50,253,254,910,200109,200125,200150,Xagaa,africa_rfe.20010910.tif.zip
2001-09-11,2001,9,11,26,51,254,255,911,200109,200126,200151,Xagaa,africa_rfe.20010911.tif.zip
2001-09-12,2001,9,12,26,51,255,256,912,200109,200126,200151,Xagaa,africa_rfe.20010912.tif.zip
2001-09-13,2001,9,13,26,51,256,257,913,200109,200126,200151,Xagaa,africa_rfe.20010913.tif.zip
2001-09-14,2001,9,14,26,51,257,258,914,200109,200126,200151,Xagaa,africa_rfe.20010914.tif.zip
2001-09-15,2001,9,15,26,51,258,259,915,200109,200126,200151,Xagaa,africa_rfe.20010915.tif.zip
2001-09-16,2001,9,16,26,52,259,260,916,200109,200126,200152,Xagaa,africa_rfe.20010916.tif.zip
2001-09-17,2001,9,17,26,52,260,261,917,200109,200126,200152,Xagaa,africa_rfe.20010917.tif.zip
2001-09-18,2001,9,18,26,52,261,262,918,200109,200126,200152,Xagaa,africa_rfe.20010918.tif.zip
2001-09-19,2001,9,19,26,52,262,263,919,200109,200126,200152,Xagaa,africa_rfe.20010919.tif.zip
2001-09-20,2001,9,20,26,52,263,264,920,200109,200126,200152,Xagaa,africa_rfe.20010920.tif.zip
2001-09-21,2001,9,21,27,53,264,265,921,200109,200127,200153,Xagaa,africa_rfe.20010921.tif.zip
2001-09-22,2001,9,22,27,53,265,266,922,200109,200127,200153,Xagaa,africa_rfe.20010922.tif.zip
2001-09-23,2001,9,23,27,53,266,267,923,200109,200127,200153,Xagaa,africa_rfe.20010923.tif.zip
2001-09-24,2001,9,24,27,53,267,268,924,200109,200127,200153,Xagaa,africa_rfe.20010924.tif.zip
2001-09-25,2001,9,25,27,53,268,269,925,200109,200127,200153,Xagaa,africa_rfe.20010925.tif.zip
2001-09-26,2001,9,26,27,54,269,270,926,200109,200127,200154,Xagaa,africa_rfe.20010926.tif.zip
2001-09-27,2001,9,27,27,54,270,271,927,200109,200127,200154,Xagaa,africa_rfe.20010927.tif.zip
2001-09-28,2001,9,28,27,54,271,272,928,200109,200127,200154,Xagaa,africa_rfe.20010928.tif.zip
2001-09-29,2001,9,29,27,54,272,273,929,200109,200127,200154,Xagaa,africa_rfe.20010929.tif.zip
2001-09-30,2001,9,30,27,54,273,274,930,200109,200127,200154,Xagaa,africa_rfe.20010930.tif.zip
2001-10-01,2001,10,1,28,55,274,275,1001,200110,200128,200155,Dehr,africa_rfe.20011001.tif.zip
2001-10-02,2001,10,2,28,55,275,276,1002,200110,200128,200155,Dehr,africa_rfe.20011002.tif.zip
2001-10-03,2001,10,3,28,55,276,277,1003,200110,200128,200155,Dehr,africa_rfe.20011003.tif.zip
2001-10-04,2001,10,4,28,55,277,278,1004,200110,200128,200155,Dehr,africa_rfe.20011004.tif.zip
2001-10-05,2001,10,5,28,55,278,279,1005,200110,200128,200155,Dehr,africa_rfe.20011005.tif.zip
2001-10-06,2001,10,6,28,56,279,280,1006,200110,200128,200156,Dehr,africa_rfe.20011006.tif.zip
2001-10-07,2001,10,7,28,56,280,281,1007,200110,200128,200156,Dehr,africa_rfe.20011007.tif.zip
2001-10-08,2001,10,8,28,56,281,282,1008,200110,200128,200156,Dehr,africa_rfe.20011008.tif.zip
2001-10-09,2001,10,9,28,56,282,283,1009,200110,200128,200156,Dehr,africa_rfe.20011009.tif.zip
2001-10-10,2001,10,10,28,56,283,284,1010,200110,200128,200156,Dehr,africa_rfe.20011010.tif.zip
2001-10-11,2001,10,11,29,57,284,285,1011,200110,200129,200157,Dehr,africa_rfe.20011011.tif.zip
2001-10-12,2001,10,12,29,57,285,286,1012,200110,200129,200157,Dehr,africa_rfe.20011012.tif.zip
2001-10-13,2001,10,13,29,57,286,287,1013,200110,200129,200157,Dehr,africa_rfe.20011013.tif.zip
2001-10-14,2001,10,14,29,57,287,288,1014,200110,200129,200157,Dehr,africa_rfe.20011014.tif.zip
2001-10-15,2001,10,15,29,57,288,289,1015,200110,200129,200157,Dehr,africa_rfe.20011015.tif.zip
2001-10-16,2001,10,16,29,58,289,290,1016,200110,200129,200158,Dehr,africa_rfe.20011016.tif.zip
2001-10-17,2001,10,17,29,58,290,291,1017,200110,200129,200158,Dehr,africa_rfe.20011017.tif.zip
2001-10-18,2001,10,18,29,58,291,292,1018,200110,200129,200158,Dehr,africa_rfe.20011018.tif.zip
2001-10-19,2001,10,19,29,58,292,293,1019,200110,200129,200158,Dehr,africa_rfe.20011019.tif.zip
2001-10-20,2001,10,20,29,58,293,294,1020,200110,200129,200158,Dehr,africa_rfe.20011020.tif.zip
2001-10-21,2001,10,21,30,59,294,295,1021,200110,200130,200159,Dehr,africa_rfe.20011021.tif.zip
2001-10-22,2001,10,22,30,59,295,296,1022,200110,200130,200159,Dehr,africa_rfe.20011022.tif.zip
2001-10-23,2001,10,23,30,59,296,297,1023,200110,200130,200159,Dehr,africa_rfe.20011023.tif.zip
2001-10-24,2001,10,24,30,59,297,298,1024,200110,200130,200159,Dehr,africa_rfe.20011024.tif.zip
2001-10-25,2001,10,25,30,59,298,299,1025,200110,200130,200159,Dehr,africa_rfe.20011025.tif.zip
2001-10-26,2001,10,26,30,60,299,300,1026,200110,200130,200160,Dehr,africa_rfe.20011026.tif.zip
2001-10-27,2001,10,27,30,60,300,301,1027,200110,200130,200160,Dehr,africa_rfe.20011027.tif.zip
2001-10-28,2001,10,28,30,60,301,302,1028,200110,200130,200160,Dehr,africa_rfe.20011028.tif.zip
2001-10-29,2001,10,29,30,60,302,303,1029,200110,200130,200160,Dehr,africa_rfe.20011029.tif.zip
2001-10-30,2001,10,30,30,60,303,304,1030,200110,200130,200160,Dehr,africa_rfe.20011030.tif.zip
2001-10-31,2001,10,31,30,60,304,305,1031,200110,200130,200160,Dehr,africa_rfe.20011031.tif.zip
2001-11-01,2001,11,1,31,61,305,306,1101,200111,200131,200161,Dehr,africa_rfe.20011101.tif.zip
2001-11-02,2001,11,2,31,61,306,307,1102,200111,200131,200161,Dehr,africa_rfe.20011102.tif.zip
2001-11-03,2001,11,3,31,61,307,308,1103,200111,200131,200161,Dehr,africa_rfe.20011103.tif.zip
2001-11-04,2001,11,4,31,61,308,309,1104,200111,200131,200161,Dehr,africa_rfe.20011104.tif.zip
2001-11-05,2001,11,5,31,61,309,310,1105,200111,200131,200161,Dehr,africa_rfe.20011105.tif.zip
2001-11-06,2001,11,6,31,62,310,311,1106,200111,200131,200162,Dehr,africa_rfe.20011106.tif.zip
2001-11-07,2001,11,7,31,62,311,312,1107,200111,200131,200162,Dehr,africa_rfe.20011107.tif.zip
2001-11-08,2001,11,8,31,62,312,313,1108,200111,200131,200162,Dehr,africa_rfe.20011108.tif.zip
2001-11-09,2001,11,9,31,62,313,314,1109,200111,200131,200162,Dehr,africa_rfe.20011109.tif.zip
2001-11-10,2001,11,10,31,62,314,315,1110,200111,200131,200162,Dehr,africa_rfe.20011110.tif.zip
2001-11-11,2001,11,11,32,63,315,316,1111,200111,200132,200163,Dehr,africa_rfe.20011111.tif.zip
2001-11-12,2001,11,12,32,63,316,317,1112,200111,200132,200163,Dehr,africa_rfe.20011112.tif.zip
2001-11-13,2001,11,13,32,63,317,318,1113,200111,200132,200163,Dehr,africa_rfe.20011113.tif.zip
2001-11-14,2001,11,14,32,63,318,319,1114,200111,200132,200163,Dehr,africa_rfe.20011114.tif.zip
2001-11-15,2001,11,15,32,63,319,320,1115,200111,200132,200163,Dehr,africa_rfe.20011115.tif.zip
2001-11-16,2001,11,16,32,64,320,321,1116,200111,200132,200164,Dehr,africa_rfe.20011116.tif.zip
2001-11-17,2001,11,17,32,64,321,322,1117,200111,200132,200164,Dehr,africa_rfe.20011117.tif.zip
2001-11-18,2001,11,18,32,64,322,323,1118,200111,200132,200164,Dehr,africa_rfe.20011118.tif.zip
2001-11-19,2001,11,19,32,64,323,324,1119,200111,200132,200164,Dehr,africa_rfe.20011119.tif.zip
2001-11-20,2001,11,20,32,64,324,325,1120,200111,200132,200164,Dehr,africa_rfe.20011120.tif.zip
2001-11-21,2001,11,21,33,65,325,326,1121,200111,200133,200165,Dehr,africa_rfe.20011121.tif.zip
2001-11-22,2001,11,22,33,65,326,327,1122,200111,200133,200165,Dehr,africa_rfe.20011122.tif.zip
2001-11-23,2001,11,23,33,65,327,328,1123,200111,200133,200165,Dehr,africa_rfe.20011123.tif.zip
2001-11-24,2001,11,24,33,65,328,329,1124,200111,200133,200165,Dehr,africa_rfe.20011124.tif.zip
2001-11-25,2001,11,25,33,65,329,330,1125,200111,200133,200165,Dehr,africa_rfe.20011125.tif.zip
2001-11-26,2001,11,26,33,66,330,331,1126,200111,200133,200166,Dehr,africa_rfe.20011126.tif.zip
2001-11-27,2001,11,27,33,66,331,332,1127,200111,200133,200166,Dehr,africa_rfe.20011127.tif.zip
2001-11-28,2001,11,28,33,66,332,333,1128,200111,200133,200166,Dehr,africa_rfe.20011128.tif.zip
2001-11-29,2001,11,29,33,66,333,334,1129,200111,200133,200166,Dehr,africa_rfe.20011129.tif.zip
2001-11-30,2001,11,30,33,66,334,335,1130,200111,200133,200166,Dehr,africa_rfe.20011130.tif.zip
2001-12-01,2001,12,1,34,67,335,336,1201,200112,200134,200167,Dehr,africa_rfe.20011201.tif.zip
2001-12-02,2001,12,2,34,67,336,337,1202,200112,200134,200167,Dehr,africa_rfe.20011202.tif.zip
2001-12-03,2001,12,3,34,67,337,338,1203,200112,200134,200167,Dehr,africa_rfe.20011203.tif.zip
2001-12-04,2001,12,4,34,67,338,339,1204,200112,200134,200167,Dehr,africa_rfe.20011204.tif.zip
2001-12-05,2001,12,5,34,67,339,340,1205,200112,200134,200167,Dehr,africa_rfe.20011205.tif.zip
2001-12-06,2001,12,6,34,68,340,341,1206,200112,200134,200168,Dehr,africa_rfe.20011206.tif.zip
2001-12-07,2001,12,7,34,68,341,342,1207,200112,200134,200168,Dehr,africa_rfe.20011207.tif.zip
2001-12-08,2001,12,8,34,68,342,343,1208,200112,200134,200168,Dehr,africa_rfe.20011208.tif.zip
2001-12-09,2001,12,9,34,68,343,344,1209,200112,200134,200168,Dehr,africa_rfe.20011209.tif.zip
2001-12-10,2001,12,10,34,68,344,345,1210,200112,200134,200168,Dehr,africa_rfe.20011210.tif.zip
2001-12-11,2001,12,11,35,69,345,346,1211,200112,200135,200169,Dehr,africa_rfe.20011211.tif.zip
2001-12-12,2001,12,12,35,69,346,347,1212,200112,200135,200169,Dehr,africa_rfe.20011212.tif.zip
2001-12-13,2001,12,13,35,69,347,348,1213,200112,200135,200169,Dehr,africa_rfe.20011213.tif.zip
2001-12-14,2001,12,14,35,69,348,349,1214,200112,200135,200169,Dehr,africa_rfe.20011214.tif.zip
2001-12-15,2001,12,15,35,69,349,350,1215,200112,200135,200169,Dehr,africa_rfe.20011215.tif.zip
2001-12-16,2001,12,16,35,70,350,351,1216,200112,200135,200170,Dehr,africa_rfe.20011216.tif.zip
2001-12-17,2001,12,17,35,70,351,352,1217,200112,200135,200170,Dehr,africa_rfe.20011217.tif.zip
2001-12-18,2001,12,18,35,70,352,353,1218,200112,200135,200170,Dehr,africa_rfe.20011218.tif.zip
2001-12-19,2001,12,19,35,70,353,354,1219,200112,200135,200170,Dehr,africa_rfe.20011219.tif.zip
2001-12-20,2001,12,20,35,70,354,355,1220,200112,200135,200170,Dehr,africa_rfe.20011220.tif.zip
2001-12-21,2001,12,21,36,71,355,356,1221,200112,200136,200171,Dehr,africa_rfe.20011221.tif.zip
2001-12-22,2001,12,22,36,71,356,357,1222,200112,200136,200171,Dehr,africa_rfe.20011222.tif.zip
2001-12-23,2001,12,23,36,71,357,358,1223,200112,200136,200171,Dehr,africa_rfe.20011223.tif.zip
2001-12-24,2001,12,24,36,71,358,359,1224,200112,200136,200171,Dehr,africa_rfe.20011224.tif.zip
2001-12-25,2001,12,25,36,71,359,360,1225,200112,200136,200171,Dehr,africa_rfe.20011225.tif.zip
2001-12-26,2001,12,26,36,72,360,361,1226,200112,200136,200172,Dehr,africa_rfe.20011226.tif.zip
2001-12-27,2001,12,27,36,72,361,362,1227,200112,200136,200172,Dehr,africa_rfe.20011227.tif.zip
2001-12-28,2001,12,28,36,72,362,363,1228,200112,200136,200172,Dehr,africa_rfe.20011228.tif.zip
2001-12-29,2001,12,29,36,72,363,364,1229,200112,200136,200172,Dehr,africa_rfe.20011229.tif.zip
2001-12-30,2001,12,30,36,72,364,365,1230,200112,200136,200172,Dehr,africa_rfe.20011230.tif.zip
2001-12-31,2001,12,31,36,72,365,366,1231,200112,200136,200172,Dehr,africa_rfe.20011231.tif.zip
