Date,Year,Month,Day,Dekad,Pentad,DOY,DOY366,MonthDay,YearMonth,YearDekad,YearPentad,SomaliSeason,allfile_list.in
2002-01-01,2002,1,1,1,1,1,1,101,200201,200201,200201,Dehr,2002/01/rfe2002_01_01.v3.1.nc
2002-01-02,2002,1,2,1,1,2,2,102,200201,200201,200201,Dehr,2002/01/rfe2002_01_02.v3.1.nc
2002-01-03,2002,1,3,1,1,3,3,103,200201,200201,200201,Dehr,2002/01/rfe2002_01_03.v3.1.nc
2002-01-04,2002,1,4,1,1,4,4,104,200201,200201,200201,Dehr,2002/01/rfe2002_01_04.v3.1.nc
2002-01-05,2002,1,5,1,1,5,5,105,200201,200201,200201,Dehr,2002/01/rfe2002_01_05.v3.1.nc
2002-01-06,2002,1,6,1,2,6,6,106,200201,200201,200202,Dehr,2002/01/rfe2002_01_06.v3.1.nc
2002-01-07,2002,1,7,1,2,7,7,107,200201,200201,200202,Dehr,2002/01/rfe2002_01_07.v3.1.nc
2002-01-08,2002,1,8,1,2,8,8,108,200201,200201,200202,Dehr,2002/01/rfe2002_01_08.v3.1.nc
2002-01-09,2002,1,9,1,2,9,9,109,200201,200201,200202,Dehr,2002/01/rfe2002_01_09.v3.1.nc
2002-01-10,2002,1,10,1,2,10,10,110,200201,200201,200202,Dehr,2002/01/rfe2002_01_10.v3.1.nc
2002-01-11,2002,1,11,2,3,11,11,111,200201,200202,200203,Dehr,2002/01/rfe2002_01_11.v3.1.nc
2002-01-12,2002,1,12,2,3,12,12,112,200201,200202,200203,Dehr,2002/01/rfe2002_01_12.v3.1.nc
2002-01-13,2002,1,13,2,3,13,13,113,200201,200202,200203,Dehr,2002/01/rfe2002_01_13.v3.1.nc
2002-01-14,2002,1,14,2,3,14,14,114,200201,200202,200203,Dehr,2002/01/rfe2002_01_14.v3.1.nc
2002-01-15,2002,1,15,2,3,15,15,115,200201,200202,200203,Dehr,2002/01/rfe2002_01_15.v3.1.nc
2002-01-16,2002,1,16,2,4,16,16,116,200201,200202,200204,Dehr,2002/01/rfe2002_01_16.v3.1.nc
2002-01-17,2002,1,17,2,4,17,17,117,200201,200202,200204,Dehr,2002/01/rfe2002_01_17.v3.1.nc
2002-01-18,2002,1,18,2,4,18,18,118,200201,200202,200204,Dehr,2002/01/rfe2002_01_18.v3.1.nc
2002-01-19,2002,1,19,2,4,19,19,119,200201,200202,200204,Dehr,2002/01/rfe2002_01_19.v3.1.nc
2002-01-20,2002,1,20,2,4,20,20,120,200201,200202,200204,Dehr,2002/01/rfe2002_01_20.v3.1.nc
2002-01-21,2002,1,21,3,5,21,21,121,200201,200203,200205,Jiilal,2002/01/rfe2002_01_21.v3.1.nc
2002-01-22,2002,1,22,3,5,22,22,122,200201,200203,200205,Jiilal,2002/01/rfe2002_01_22.v3.1.nc
2002-01-23,2002,1,23,3,5,23,23,123,200201,200203,200205,Jiilal,2002/01/rfe2002_01_23.v3.1.nc
2002-01-24,2002,1,24,3,5,24,24,124,200201,200203,200205,Jiilal,2002/01/rfe2002_01_24.v3.1.nc
2002-01-25,2002,1,25,3,5,25,25,125,200201,200203,200205,Jiilal,2002/01/rfe2002_01_25.v3.1.nc
2002-01-26,2002,1,26,3,6,26,26,126,200201,200203,200206,Jiilal,2002/01/rfe2002_01_26.v3.1.nc
2002-01-27,2002,1,27,3,6,27,27,127,200201,200203,200206,Jiilal,2002/01/rfe2002_01_27.v3.1.nc
2002-01-28,2002,1,28,3,6,28,28,128,200201,200203,200206,Jiilal,2002/01/rfe2002_01_28.v3.1.nc
2002-01-29,2002,1,29,3,6,29,29,129,200201,200203,200206,Jiilal,2002/01/rfe2002_01_29.v3.1.nc
2002-01-30,2002,1,30,3,6,30,30,130,200201,200203,200206,Jiilal,2002/01/rfe2002_01_30.v3.1.nc
2002-01-31,2002,1,31,3,6,31,31,131,200201,200203,200206,Jiilal,2002/01/rfe2002_01_31.v3.1.nc
2002-02-01,2002,2,1,4,7,32,32,201,200202,200204,200207,Jiilal,2002/02/rfe2002_02_01.v3.1.nc
2002-02-02,2002,2,2,4,7,33,33,202,200202,200204,200207,Jiilal,2002/02/rfe2002_02_02.v3.1.nc
2002-02-03,2002,2,3,4,7,34,34,203,200202,200204,200207,Jiilal,2002/02/rfe2002_02_03.v3.1.nc
2002-02-04,2002,2,4,4,7,35,35,204,200202,200204,200207,Jiilal,2002/02/rfe2002_02_04.v3.1.nc
2002-02-05,2002,2,5,4,7,36,36,205,200202,200204,200207,Jiilal,2002/02/rfe2002_02_05.v3.1.nc
2002-02-06,2002,2,6,4,8,37,37,206,200202,200204,200208,Jiilal,2002/02/rfe2002_02_06.v3.1.nc
2002-02-07,2002,2,7,4,8,38,38,207,200202,200204,200208,Jiilal,2002/02/rfe2002_02_07.v3.1.nc
2002-02-08,2002,2,8,4,8,39,39,208,200202,200204,200208,Jiilal,2002/02/rfe2002_02_08.v3.1.nc
2002-02-09,2002,2,9,4,8,40,40,209,200202,200204,200208,Jiilal,2002/02/rfe2002_02_09.v3.1.nc
2002-02-10,2002,2,10,4,8,41,41,210,200202,200204,200208,Jiilal,2002/02/rfe2002_02_10.v3.1.nc
2002-02-11,2002,2,11,5,9,42,42,211,200202,200205,200209,Jiilal,2002/02/rfe2002_02_11.v3.1.nc
2002-02-12,2002,2,12,5,9,43,43,212,200202,200205,200209,Jiilal,2002/02/rfe2002_02_12.v3.1.nc
2002-02-13,2002,2,13,5,9,44,44,213,200202,200205,200209,Jiilal,2002/02/rfe2002_02_13.v3.1.nc
2002-02-14,2002,2,14,5,9,45,45,214,200202,200205,200209,Jiilal,2002/02/rfe2002_02_14.v3.1.nc
2002-02-15,2002,2,15,5,9,46,46,215,200202,200205,200209,Jiilal,2002/02/rfe2002_02_15.v3.1.nc
2002-02-16,2002,2,16,5,10,47,47,216,200202,200205,200210,Jiilal,2002/02/rfe2002_02_16.v3.1.nc
2002-02-17,2002,2,17,5,10,48,48,217,200202,200205,200210,Jiilal,2002/02/rfe2002_02_17.v3.1.nc
2002-02-18,2002,2,18,5,10,49,49,218,200202,200205,200210,Jiilal,2002/02/rfe2002_02_18.v3.1.nc
2002-02-19,2002,2,19,5,10,50,50,219,200202,200205,200210,Jiilal,2002/02/rfe2002_02_19.v3.1.nc
2002-02-20,2002,2,20,5,10,51,51,220,200202,200205,200210,Jiilal,2002/02/rfe2002_02_20.v3.1.nc
2002-02-21,2002,2,21,6,11,52,52,221,200202,200206,200211,Jiilal,2002/02/rfe2002_02_21.v3.1.nc
2002-02-22,2002,2,22,6,11,53,53,222,200202,200206,200211,Jiilal,2002/02/rfe2002_02_22.v3.1.nc
2002-02-23,2002,2,23,6,11,54,54,223,200202,200206,200211,Jiilal,2002/02/rfe2002_02_23.v3.1.nc
2002-02-24,2002,2,24,6,11,55,55,224,200202,200206,200211,Jiilal,2002/02/rfe2002_02_24.v3.1.nc
2002-02-25,2002,2,25,6,11,56,56,225,200202,200206,200211,Jiilal,2002/02/rfe2002_02_25.v3.1.nc
2002-02-26,2002,2,26,6,12,57,57,226,200202,200206,200212,Jiilal,2002/02/rfe2002_02_26.v3.1.nc
2002-02-27,2002,2,27,6,12,58,58,227,200202,200206,200212,Jiilal,2002/02/rfe2002_02_27.v3.1.nc
2002-02-28,2002,2,28,6,12,59,59,228,200202,200206,200212,Jiilal,2002/02/rfe2002_02_28.v3.1.nc
2002-03-01,2002,3,1,7,13,60,61,301,200203,200207,200213,Jiilal,2002/03/rfe2002_03_01.v3.1.nc
2002-03-02,2002,3,2,7,13,61,62,302,200203,200207,200213,Jiilal,2002/03/rfe2002_03_02.v3.1.nc
2002-03-03,2002,3,3,7,13,62,63,303,200203,200207,200213,Jiilal,2002/03/rfe2002_03_03.v3.1.nc
2002-03-04,2002,3,4,7,13,63,64,304,200203,200207,200213,Jiilal,2002/03/rfe2002_03_04.v3.1.nc
2002-03-05,2002,3,5,7,13,64,65,305,200203,200207,200213,Jiilal,2002/03/rfe2002_03_05.v3.1.nc
2002-03-06,2002,3,6,7,14,65,66,306,200203,200207,200214,Jiilal,2002/03/rfe2002_03_06.v3.1.nc
2002-03-07,2002,3,7,7,14,66,67,307,200203,200207,200214,Jiilal,2002/03/rfe2002_03_07.v3.1.nc
2002-03-08,2002,3,8,7,14,67,68,308,200203,200207,200214,Jiilal,2002/03/rfe2002_03_08.v3.1.nc
2002-03-09,2002,3,9,7,14,68,69,309,200203,200207,200214,Jiilal,2002/03/rfe2002_03_09.v3.1.nc
2002-03-10,2002,3,10,7,14,69,70,310,200203,200207,200214,Jiilal,2002/03/rfe2002_03_10.v3.1.nc
2002-03-11,2002,3,11,8,15,70,71,311,200203,200208,200215,Jiilal,2002/03/rfe2002_03_11.v3.1.nc
2002-03-12,2002,3,12,8,15,71,72,312,200203,200208,200215,Jiilal,2002/03/rfe2002_03_12.v3.1.nc
2002-03-13,2002,3,13,8,15,72,73,313,200203,200208,200215,Jiilal,2002/03/rfe2002_03_13.v3.1.nc
2002-03-14,2002,3,14,8,15,73,74,314,200203,200208,200215,Jiilal,2002/03/rfe2002_03_14.v3.1.nc
2002-03-15,2002,3,15,8,15,74,75,315,200203,200208,200215,Jiilal,2002/03/rfe2002_03_15.v3.1.nc
2002-03-16,2002,3,16,8,16,75,76,316,200203,200208,200216,Jiilal,2002/03/rfe2002_03_16.v3.1.nc
2002-03-17,2002,3,17,8,16,76,77,317,200203,200208,200216,Jiilal,2002/03/rfe2002_03_17.v3.1.nc
2002-03-18,2002,3,18,8,16,77,78,318,200203,200208,200216,Jiilal,2002/03/rfe2002_03_18.v3.1.nc
2002-03-19,2002,3,19,8,16,78,79,319,200203,200208,200216,Jiilal,2002/03/rfe2002_03_19.v3.1.nc
2002-03-20,2002,3,20,8,16,79,80,320,200203,200208,200216,Jiilal,2002/03/rfe2002_03_20.v3.1.nc
2002-03-21,2002,3,21,9,17,80,81,321,200203,200209,200217,Jiilal,2002/03/rfe2002_03_21.v3.1.nc
2002-03-22,2002,3,22,9,17,81,82,322,200203,200209,200217,Jiilal,2002/03/rfe2002_03_22.v3.1.nc
2002-03-23,2002,3,23,9,17,82,83,323,200203,200209,200217,Jiilal,2002/03/rfe2002_03_23.v3.1.nc
2002-03-24,2002,3,24,9,17,83,84,324,200203,200209,200217,Jiilal,2002/03/rfe2002_03_24.v3.1.nc
2002-03-25,2002,3,25,9,17,84,85,325,200203,200209,200217,Jiilal,2002/03/rfe2002_03_25.v3.1.nc
2002-03-26,2002,3,26,9,18,85,86,326,200203,200209,200218,Jiilal,2002/03/rfe2002_03_26.v3.1.nc
2002-03-27,2002,3,27,9,18,86,87,327,200203,200209,200218,Jiilal,2002/03/rfe2002_03_27.v3.1.nc
2002-03-28,2002,3,28,9,18,87,88,328,200203,200209,200218,Jiilal,2002/03/rfe2002_03_28.v3.1.nc
2002-03-29,2002,3,29,9,18,88,89,329,200203,200209,200218,Jiilal,2002/03/rfe2002_03_29.v3.1.nc
2002-03-30,2002,3,30,9,18,89,90,330,200203,200209,200218,Jiilal,2002/03/rfe2002_03_30.v3.1.nc
2002-03-31,2002,3,31,9,18,90,91,331,200203,200209,200218,Jiilal,2002/03/rfe2002_03_31.v3.1.nc
2002-04-01,2002,4,1,10,19,91,92,401,200204,200210,200219,Jiilal,2002/04/rfe2002_04_01.v3.1.nc
2002-04-02,2002,4,2,10,19,92,93,402,200204,200210,200219,Jiilal,2002/04/rfe2002_04_02.v3.1.nc
2002-04-03,2002,4,3,10,19,93,94,403,200204,200210,200219,Jiilal,2002/04/rfe2002_04_03.v3.1.nc
2002-04-04,2002,4,4,10,19,94,95,404,200204,200210,200219,Jiilal,2002/04/rfe2002_04_04.v3.1.nc
2002-04-05,2002,4,5,10,19,95,96,405,200204,200210,200219,Jiilal,2002/04/rfe2002_04_05.v3.1.nc
2002-04-06,2002,4,6,10,20,96,97,406,200204,200210,200220,Jiilal,2002/04/rfe2002_04_06.v3.1.nc
2002-04-07,2002,4,7,10,20,97,98,407,200204,200210,200220,Jiilal,2002/04/rfe2002_04_07.v3.1.nc
2002-04-08,2002,4,8,10,20,98,99,408,200204,200210,200220,Jiilal,2002/04/rfe2002_04_08.v3.1.nc
2002-04-09,2002,4,9,10,20,99,100,409,200204,200210,200220,Jiilal,2002/04/rfe2002_04_09.v3.1.nc
2002-04-10,2002,4,10,10,20,100,101,410,200204,200210,200220,Jiilal,2002/04/rfe2002_04_10.v3.1.nc
2002-04-11,2002,4,11,11,21,101,102,411,200204,200211,200221,Gu,2002/04/rfe2002_04_11.v3.1.nc
2002-04-12,2002,4,12,11,21,102,103,412,200204,200211,200221,Gu,2002/04/rfe2002_04_12.v3.1.nc
2002-04-13,2002,4,13,11,21,103,104,413,200204,200211,200221,Gu,2002/04/rfe2002_04_13.v3.1.nc
2002-04-14,2002,4,14,11,21,104,105,414,200204,200211,200221,Gu,2002/04/rfe2002_04_14.v3.1.nc
2002-04-15,2002,4,15,11,21,105,106,415,200204,200211,200221,Gu,2002/04/rfe2002_04_15.v3.1.nc
2002-04-16,2002,4,16,11,22,106,107,416,200204,200211,200222,Gu,2002/04/rfe2002_04_16.v3.1.nc
2002-04-17,2002,4,17,11,22,107,108,417,200204,200211,200222,Gu,2002/04/rfe2002_04_17.v3.1.nc
2002-04-18,2002,4,18,11,22,108,109,418,200204,200211,200222,Gu,2002/04/rfe2002_04_18.v3.1.nc
2002-04-19,2002,4,19,11,22,109,110,419,200204,200211,200222,Gu,2002/04/rfe2002_04_19.v3.1.nc
2002-04-20,2002,4,20,11,22,110,111,420,200204,200211,200222,Gu,2002/04/rfe2002_04_20.v3.1.nc
2002-04-21,2002,4,21,12,23,111,112,421,200204,200212,200223,Gu,2002/04/rfe2002_04_21.v3.1.nc
2002-04-22,2002,4,22,12,23,112,113,422,200204,200212,200223,Gu,2002/04/rfe2002_04_22.v3.1.nc
2002-04-23,2002,4,23,12,23,113,114,423,200204,200212,200223,Gu,2002/04/rfe2002_04_23.v3.1.nc
2002-04-24,2002,4,24,12,23,114,115,424,200204,200212,200223,Gu,2002/04/rfe2002_04_24.v3.1.nc
2002-04-25,2002,4,25,12,23,115,116,425,200204,200212,200223,Gu,2002/04/rfe2002_04_25.v3.1.nc
2002-04-26,2002,4,26,12,24,116,117,426,200204,200212,200224,Gu,2002/04/rfe2002_04_26.v3.1.nc
2002-04-27,2002,4,27,12,24,117,118,427,200204,200212,200224,Gu,2002/04/rfe2002_04_27.v3.1.nc
2002-04-28,2002,4,28,12,24,118,119,428,200204,200212,200224,Gu,2002/04/rfe2002_04_28.v3.1.nc
2002-04-29,2002,4,29,12,24,119,120,429,200204,200212,200224,Gu,2002/04/rfe2002_04_29.v3.1.nc
2002-04-30,2002,4,30,12,24,120,121,430,200204,200212,200224,Gu,2002/04/rfe2002_04_30.v3.1.nc
2002-05-01,2002,5,1,13,25,121,122,501,200205,200213,200225,Gu,2002/05/rfe2002_05_01.v3.1.nc
2002-05-02,2002,5,2,13,25,122,123,502,200205,200213,200225,Gu,2002/05/rfe2002_05_02.v3.1.nc
2002-05-03,2002,5,3,13,25,123,124,503,200205,200213,200225,Gu,2002/05/rfe2002_05_03.v3.1.nc
2002-05-04,2002,5,4,13,25,124,125,504,200205,200213,200225,Gu,2002/05/rfe2002_05_04.v3.1.nc
2002-05-05,2002,5,5,13,25,125,126,505,200205,200213,200225,Gu,2002/05/rfe2002_05_05.v3.1.nc
2002-05-06,2002,5,6,13,26,126,127,506,200205,200213,200226,Gu,2002/05/rfe2002_05_06.v3.1.nc
2002-05-07,2002,5,7,13,26,127,128,507,200205,200213,200226,Gu,2002/05/rfe2002_05_07.v3.1.nc
2002-05-08,2002,5,8,13,26,128,129,508,200205,200213,200226,Gu,2002/05/rfe2002_05_08.v3.1.nc
2002-05-09,2002,5,9,13,26,129,130,509,200205,200213,200226,Gu,2002/05/rfe2002_05_09.v3.1.nc
2002-05-10,2002,5,10,13,26,130,131,510,200205,200213,200226,Gu,2002/05/rfe2002_05_10.v3.1.nc
2002-05-11,2002,5,11,14,27,131,132,511,200205,200214,200227,Gu,2002/05/rfe2002_05_11.v3.1.nc
2002-05-12,2002,5,12,14,27,132,133,512,200205,200214,200227,Gu,2002/05/rfe2002_05_12.v3.1.nc
2002-05-13,2002,5,13,14,27,133,134,513,200205,200214,200227,Gu,2002/05/rfe2002_05_13.v3.1.nc
2002-05-14,2002,5,14,14,27,134,135,514,200205,200214,200227,Gu,2002/05/rfe2002_05_14.v3.1.nc
2002-05-15,2002,5,15,14,27,135,136,515,200205,200214,200227,Gu,2002/05/rfe2002_05_15.v3.1.nc
2002-05-16,2002,5,16,14,28,136,137,516,200205,200214,200228,Gu,2002/05/rfe2002_05_16.v3.1.nc
2002-05-17,2002,5,17,14,28,137,138,517,200205,200214,200228,Gu,2002/05/rfe2002_05_17.v3.1.nc
2002-05-18,2002,5,18,14,28,138,139,518,200205,200214,200228,Gu,2002/05/rfe2002_05_18.v3.1.nc
2002-05-19,2002,5,19,14,28,139,140,519,200205,200214,200228,Gu,2002/05/rfe2002_05_19.v3.1.nc
2002-05-20,2002,5,20,14,28,140,141,520,200205,200214,200228,Gu,2002/05/rfe2002_05_20.v3.1.nc
2002-05-21,2002,5,21,15,29,141,142,521,200205,200215,200229,Gu,2002/05/rfe2002_05_21.v3.1.nc
2002-05-22,2002,5,22,15,29,142,143,522,200205,200215,200229,Gu,2002/05/rfe2002_05_22.v3.1.nc
2002-05-23,2002,5,23,15,29,143,144,523,200205,200215,200229,Gu,2002/05/rfe2002_05_23.v3.1.nc
2002-05-24,2002,5,24,15,29,144,145,524,200205,200215,200229,Gu,2002/05/rfe2002_05_24.v3.1.nc
2002-05-25,2002,5,25,15,29,145,146,525,200205,200215,200229,Gu,2002/05/rfe2002_05_25.v3.1.nc
2002-05-26,2002,5,26,15,30,146,147,526,200205,200215,200230,Gu,2002/05/rfe2002_05_26.v3.1.nc
2002-05-27,2002,5,27,15,30,147,148,527,200205,200215,200230,Gu,2002/05/rfe2002_05_27.v3.1.nc
2002-05-28,2002,5,28,15,30,148,149,528,200205,200215,200230,Gu,2002/05/rfe2002_05_28.v3.1.nc
2002-05-29,2002,5,29,15,30,149,150,529,200205,200215,200230,Gu,2002/05/rfe2002_05_29.v3.1.nc
2002-05-30,2002,5,30,15,30,150,151,530,200205,200215,200230,Gu,2002/05/rfe2002_05_30.v3.1.nc
2002-05-31,2002,5,31,15,30,151,152,531,200205,200215,200230,Gu,2002/05/rfe2002_05_31.v3.1.nc
2002-06-01,2002,6,1,16,31,152,153,601,200206,200216,200231,Gu,2002/06/rfe2002_06_01.v3.1.nc
2002-06-02,2002,6,2,16,31,153,154,602,200206,200216,200231,Gu,2002/06/rfe2002_06_02.v3.1.nc
2002-06-03,2002,6,3,16,31,154,155,603,200206,200216,200231,Gu,2002/06/rfe2002_06_03.v3.1.nc
2002-06-04,2002,6,4,16,31,155,156,604,200206,200216,200231,Gu,2002/06/rfe2002_06_04.v3.1.nc
2002-06-05,2002,6,5,16,31,156,157,605,200206,200216,200231,Gu,2002/06/rfe2002_06_05.v3.1.nc
2002-06-06,2002,6,6,16,32,157,158,606,200206,200216,200232,Gu,2002/06/rfe2002_06_06.v3.1.nc
2002-06-07,2002,6,7,16,32,158,159,607,200206,200216,200232,Gu,2002/06/rfe2002_06_07.v3.1.nc
2002-06-08,2002,6,8,16,32,159,160,608,200206,200216,200232,Gu,2002/06/rfe2002_06_08.v3.1.nc
2002-06-09,2002,6,9,16,32,160,161,609,200206,200216,200232,Gu,2002/06/rfe2002_06_09.v3.1.nc
2002-06-10,2002,6,10,16,32,161,162,610,200206,200216,200232,Gu,2002/06/rfe2002_06_10.v3.1.nc
2002-06-11,2002,6,11,17,33,162,163,611,200206,200217,200233,Gu,2002/06/rfe2002_06_11.v3.1.nc
2002-06-12,2002,6,12,17,33,163,164,612,200206,200217,200233,Gu,2002/06/rfe2002_06_12.v3.1.nc
2002-06-13,2002,6,13,17,33,164,165,613,200206,200217,200233,Gu,2002/06/rfe2002_06_13.v3.1.nc
2002-06-14,2002,6,14,17,33,165,166,614,200206,200217,200233,Gu,2002/06/rfe2002_06_14.v3.1.nc
2002-06-15,2002,6,15,17,33,166,167,615,200206,200217,200233,Gu,2002/06/rfe2002_06_15.v3.1.nc
2002-06-16,2002,6,16,17,34,167,168,616,200206,200217,200234,Gu,2002/06/rfe2002_06_16.v3.1.nc
2002-06-17,2002,6,17,17,34,168,169,617,200206,200217,200234,Gu,2002/06/rfe2002_06_17.v3.1.nc
2002-06-18,2002,6,18,17,34,169,170,618,200206,200217,200234,Gu,2002/06/rfe2002_06_18.v3.1.nc
2002-06-19,2002,6,19,17,34,170,171,619,200206,200217,200234,Gu,2002/06/rfe2002_06_19.v3.1.nc
2002-06-20,2002,6,20,17,34,171,172,620,200206,200217,200234,Gu,2002/06/rfe2002_06_20.v3.1.nc
2002-06-21,2002,6,21,18,35,172,173,621,200206,200218,200235,Gu,2002/06/rfe2002_06_21.v3.1.nc
2002-06-22,2002,6,22,18,35,173,174,622,200206,200218,200235,Gu,2002/06/rfe2002_06_22.v3.1.nc
2002-06-23,2002,6,23,18,35,174,175,623,200206,200218,200235,Gu,2002/06/rfe2002_06_23.v3.1.nc
2002-06-24,2002,6,24,18,35,175,176,624,200206,200218,200235,Gu,2002/06/rfe2002_06_24.v3.1.nc
2002-06-25,2002,6,25,18,35,176,177,625,200206,200218,200235,Gu,2002/06/rfe2002_06_25.v3.1.nc
2002-06-26,2002,6,26,18,36,177,178,626,200206,200218,200236,Gu,2002/06/rfe2002_06_26.v3.1.nc
2002-06-27,2002,6,27,18,36,178,179,627,200206,200218,200236,Gu,2002/06/rfe2002_06_27.v3.1.nc
2002-06-28,2002,6,28,18,36,179,180,628,200206,200218,200236,Gu,2002/06/rfe2002_06_28.v3.1.nc
2002-06-29,2002,6,29,18,36,180,181,629,200206,200218,200236,Gu,2002/06/rfe2002_06_29.v3.1.nc
2002-06-30,2002,6,30,18,36,181,182,630,200206,200218,200236,Gu,2002/06/rfe2002_06_30.v3.1.nc
2002-07-01,2002,7,1,19,37,182,183,701,200207,200219,200237,Xagaa,2002/07/rfe2002_07_01.v3.1.nc
2002-07-02,2002,7,2,19,37,183,184,702,200207,200219,200237,Xagaa,2002/07/rfe2002_07_02.v3.1.nc
2002-07-03,2002,7,3,19,37,184,185,703,200207,200219,200237,Xagaa,2002/07/rfe2002_07_03.v3.1.nc
2002-07-04,2002,7,4,19,37,185,186,704,200207,200219,200237,Xagaa,2002/07/rfe2002_07_04.v3.1.nc
2002-07-05,2002,7,5,19,37,186,187,705,200207,200219,200237,Xagaa,2002/07/rfe2002_07_05.v3.1.nc
2002-07-06,2002,7,6,19,38,187,188,706,200207,200219,200238,Xagaa,2002/07/rfe2002_07_06.v3.1.nc
2002-07-07,2002,7,7,19,38,188,189,707,200207,200219,200238,Xagaa,2002/07/rfe2002_07_07.v3.1.nc
2002-07-08,2002,7,8,19,38,189,190,708,200207,200219,200238,Xagaa,2002/07/rfe2002_07_08.v3.1.nc
2002-07-09,2002,7,9,19,38,190,191,709,200207,200219,200238,Xagaa,2002/07/rfe2002_07_09.v3.1.nc
2002-07-10,2002,7,10,19,38,191,192,710,200207,200219,200238,Xagaa,2002/07/rfe2002_07_10.v3.1.nc
2002-07-11,2002,7,11,20,39,192,193,711,200207,200220,200239,Xagaa,2002/07/rfe2002_07_11.v3.1.nc
2002-07-12,2002,7,12,20,39,193,194,712,200207,200220,200239,Xagaa,2002/07/rfe2002_07_12.v3.1.nc
2002-07-13,2002,7,13,20,39,194,195,713,200207,200220,200239,Xagaa,2002/07/rfe2002_07_13.v3.1.nc
2002-07-14,2002,7,14,20,39,195,196,714,200207,200220,200239,Xagaa,2002/07/rfe2002_07_14.v3.1.nc
2002-07-15,2002,7,15,20,39,196,197,715,200207,200220,200239,Xagaa,2002/07/rfe2002_07_15.v3.1.nc
2002-07-16,2002,7,16,20,40,197,198,716,200207,200220,200240,Xagaa,2002/07/rfe2002_07_16.v3.1.nc
2002-07-17,2002,7,17,20,40,198,199,717,200207,200220,200240,Xagaa,2002/07/rfe2002_07_17.v3.1.nc
2002-07-18,2002,7,18,20,40,199,200,718,200207,200220,200240,Xagaa,2002/07/rfe2002_07_18.v3.1.nc
2002-07-19,2002,7,19,20,40,200,201,719,200207,200220,200240,Xagaa,2002/07/rfe2002_07_19.v3.1.nc
2002-07-20,2002,7,20,20,40,201,202,720,200207,200220,200240,Xagaa,2002/07/rfe2002_07_20.v3.1.nc
2002-07-21,2002,7,21,21,41,202,203,721,200207,200221,200241,Xagaa,2002/07/rfe2002_07_21.v3.1.nc
2002-07-22,2002,7,22,21,41,203,204,722,200207,200221,200241,Xagaa,2002/07/rfe2002_07_22.v3.1.nc
2002-07-23,2002,7,23,21,41,204,205,723,200207,200221,200241,Xagaa,2002/07/rfe2002_07_23.v3.1.nc
2002-07-24,2002,7,24,21,41,205,206,724,200207,200221,200241,Xagaa,2002/07/rfe2002_07_24.v3.1.nc
2002-07-25,2002,7,25,21,41,206,207,725,200207,200221,200241,Xagaa,2002/07/rfe2002_07_25.v3.1.nc
2002-07-26,2002,7,26,21,42,207,208,726,200207,200221,200242,Xagaa,2002/07/rfe2002_07_26.v3.1.nc
2002-07-27,2002,7,27,21,42,208,209,727,200207,200221,200242,Xagaa,2002/07/rfe2002_07_27.v3.1.nc
2002-07-28,2002,7,28,21,42,209,210,728,200207,200221,200242,Xagaa,2002/07/rfe2002_07_28.v3.1.nc
2002-07-29,2002,7,29,21,42,210,211,729,200207,200221,200242,Xagaa,2002/07/rfe2002_07_29.v3.1.nc
2002-07-30,2002,7,30,21,42,211,212,730,200207,200221,200242,Xagaa,2002/07/rfe2002_07_30.v3.1.nc
2002-07-31,2002,7,31,21,42,212,213,731,200207,200221,200242,Xagaa,2002/07/rfe2002_07_31.v3.1.nc
2002-08-01,2002,8,1,22,43,213,214,801,200208,200222,200243,Xagaa,2002/08/rfe2002_08_01.v3.1.nc
2002-08-02,2002,8,2,22,43,214,215,802,200208,200222,200243,Xagaa,2002/08/rfe2002_08_02.v3.1.nc
2002-08-03,2002,8,3,22,43,215,216,803,200208,200222,200243,Xagaa,2002/08/rfe2002_08_03.v3.1.nc
2002-08-04,2002,8,4,22,43,216,217,804,200208,200222,200243,Xagaa,2002/08/rfe2002_08_04.v3.1.nc
2002-08-05,2002,8,5,22,43,217,218,805,200208,200222,200243,Xagaa,2002/08/rfe2002_08_05.v3.1.nc
2002-08-06,2002,8,6,22,44,218,219,806,200208,200222,200244,Xagaa,2002/08/rfe2002_08_06.v3.1.nc
2002-08-07,2002,8,7,22,44,219,220,807,200208,200222,200244,Xagaa,2002/08/rfe2002_08_07.v3.1.nc
2002-08-08,2002,8,8,22,44,220,221,808,200208,200222,200244,Xagaa,2002/08/rfe2002_08_08.v3.1.nc
2002-08-09,2002,8,9,22,44,221,222,809,200208,200222,200244,Xagaa,2002/08/rfe2002_08_09.v3.1.nc
2002-08-10,2002,8,10,22,44,222,223,810,200208,200222,200244,Xagaa,2002/08/rfe2002_08_10.v3.1.nc
2002-08-11,2002,8,11,23,45,223,224,811,200208,200223,200245,Xagaa,2002/08/rfe2002_08_11.v3.1.nc
2002-08-12,2002,8,12,23,45,224,225,812,200208,200223,200245,Xagaa,2002/08/rfe2002_08_12.v3.1.nc
2002-08-13,2002,8,13,23,45,225,226,813,200208,200223,200245,Xagaa,2002/08/rfe2002_08_13.v3.1.nc
2002-08-14,2002,8,14,23,45,226,227,814,200208,200223,200245,Xagaa,2002/08/rfe2002_08_14.v3.1.nc
2002-08-15,2002,8,15,23,45,227,228,815,200208,200223,200245,Xagaa,2002/08/rfe2002_08_15.v3.1.nc
2002-08-16,2002,8,16,23,46,228,229,816,200208,200223,200246,Xagaa,2002/08/rfe2002_08_16.v3.1.nc
2002-08-17,2002,8,17,23,46,229,230,817,200208,200223,200246,Xagaa,2002/08/rfe2002_08_17.v3.1.nc
2002-08-18,2002,8,18,23,46,230,231,818,200208,200223,200246,Xagaa,2002/08/rfe2002_08_18.v3.1.nc
2002-08-19,2002,8,19,23,46,231,232,819,200208,200223,200246,Xagaa,2002/08/rfe2002_08_19.v3.1.nc
2002-08-20,2002,8,20,23,46,232,233,820,200208,200223,200246,Xagaa,2002/08/rfe2002_08_20.v3.1.nc
2002-08-21,2002,8,21,24,47,233,234,821,200208,200224,200247,Xagaa,2002/08/rfe2002_08_21.v3.1.nc
2002-08-22,2002,8,22,24,47,234,235,822,200208,200224,200247,Xagaa,2002/08/rfe2002_08_22.v3.1.nc
2002-08-23,2002,8,23,24,47,235,236,823,200208,200224,200247,Xagaa,2002/08/rfe2002_08_23.v3.1.nc
2002-08-24,2002,8,24,24,47,236,237,824,200208,200224,200247,Xagaa,2002/08/rfe2002_08_24.v3.1.nc
2002-08-25,2002,8,25,24,47,237,238,825,200208,200224,200247,Xagaa,2002/08/rfe2002_08_25.v3.1.nc
2002-08-26,2002,8,26,24,48,238,239,826,200208,200224,200248,Xagaa,2002/08/rfe2002_08_26.v3.1.nc
2002-08-27,2002,8,27,24,48,239,240,827,200208,200224,200248,Xagaa,2002/08/rfe2002_08_27.v3.1.nc
2002-08-28,2002,8,28,24,48,240,241,828,200208,200224,200248,Xagaa,2002/08/rfe2002_08_28.v3.1.nc
2002-08-29,2002,8,29,24,48,241,242,829,200208,200224,200248,Xagaa,2002/08/rfe2002_08_29.v3.1.nc
2002-08-30,2002,8,30,24,48,242,243,830,200208,200224,200248,Xagaa,2002/08/rfe2002_08_30.v3.1.nc
2002-08-31,2002,8,31,24,48,243,244,831,200208,200224,200248,Xagaa,2002/08/rfe2002_08_31.v3.1.nc
2002-09-01,2002,9,1,25,49,244,245,901,200209,200225,200249,Xagaa,2002/09/rfe2002_09_01.v3.1.nc
2002-09-02,2002,9,2,25,49,245,246,902,200209,200225,200249,Xagaa,2002/09/rfe2002_09_02.v3.1.nc
2002-09-03,2002,9,3,25,49,246,247,903,200209,200225,200249,Xagaa,2002/09/rfe2002_09_03.v3.1.nc
2002-09-04,2002,9,4,25,49,247,248,904,200209,200225,200249,Xagaa,2002/09/rfe2002_09_04.v3.1.nc
2002-09-05,2002,9,5,25,49,248,249,905,200209,200225,200249,Xagaa,2002/09/rfe2002_09_05.v3.1.nc
2002-09-06,2002,9,6,25,50,249,250,906,200209,200225,200250,Xagaa,2002/09/rfe2002_09_06.v3.1.nc
2002-09-07,2002,9,7,25,50,250,251,907,200209,200225,200250,Xagaa,2002/09/rfe2002_09_07.v3.1.nc
2002-09-08,2002,9,8,25,50,251,252,908,200209,200225,200250,Xagaa,2002/09/rfe2002_09_08.v3.1.nc
2002-09-09,2002,9,9,25,50,252,253,909,200209,200225,200250,Xagaa,2002/09/rfe2002_09_09.v3.1.nc
2002-09-10,2002,9,10,25,50,253,254,910,200209,200225,200250,Xagaa,2002/09/rfe2002_09_10.v3.1.nc
2002-09-11,2002,9,11,26,51,254,255,911,200209,200226,200251,Xagaa,2002/09/rfe2002_09_11.v3.1.nc
2002-09-12,2002,9,12,26,51,255,256,912,200209,200226,200251,Xagaa,2002/09/rfe2002_09_12.v3.1.nc
2002-09-13,2002,9,13,26,51,256,257,913,200209,200226,200251,Xagaa,2002/09/rfe2002_09_13.v3.1.nc
2002-09-14,2002,9,14,26,51,257,258,914,200209,200226,200251,Xagaa,2002/09/rfe2002_09_14.v3.1.nc
2002-09-15,2002,9,15,26,51,258,259,915,200209,200226,200251,Xagaa,2002/09/rfe2002_09_15.v3.1.nc
2002-09-16,2002,9,16,26,52,259,260,916,200209,200226,200252,Xagaa,2002/09/rfe2002_09_16.v3.1.nc
2002-09-17,2002,9,17,26,52,260,261,917,200209,200226,200252,Xagaa,2002/09/rfe2002_09_17.v3.1.nc
2002-09-18,2002,9,18,26,52,261,262,918,200209,200226,200252,Xagaa,2002/09/rfe2002_09_18.v3.1.nc
2002-09-19,2002,9,19,26,52,262,263,919,200209,200226,200252,Xagaa,2002/09/rfe2002_09_19.v3.1.nc
2002-09-20,2002,9,20,26,52,263,264,920,200209,200226,200252,Xagaa,2002/09/rfe2002_09_20.v3.1.nc
2002-09-21,2002,9,21,27,53,264,265,921,200209,200227,200253,Xagaa,2002/09/rfe2002_09_21.v3.1.nc
2002-09-22,2002,9,22,27,53,265,266,922,200209,200227,200253,Xagaa,2002/09/rfe2002_09_22.v3.1.nc
2002-09-23,2002,9,23,27,53,266,267,923,200209,200227,200253,Xagaa,2002/09/rfe2002_09_23.v3.1.nc
2002-09-24,2002,9,24,27,53,267,268,924,200209,200227,200253,Xagaa,2002/09/rfe2002_09_24.v3.1.nc
2002-09-25,2002,9,25,27,53,268,269,925,200209,200227,200253,Xagaa,2002/09/rfe2002_09_25.v3.1.nc
2002-09-26,2002,9,26,27,54,269,270,926,200209,200227,200254,Xagaa,2002/09/rfe2002_09_26.v3.1.nc
2002-09-27,2002,9,27,27,54,270,271,927,200209,200227,200254,Xagaa,2002/09/rfe2002_09_27.v3.1.nc
2002-09-28,2002,9,28,27,54,271,272,928,200209,200227,200254,Xagaa,2002/09/rfe2002_09_28.v3.1.nc
2002-09-29,2002,9,29,27,54,272,273,929,200209,200227,200254,Xagaa,2002/09/rfe2002_09_29.v3.1.nc
2002-09-30,2002,9,30,27,54,273,274,930,200209,200227,200254,Xagaa,2002/09/rfe2002_09_30.v3.1.nc
2002-10-01,2002,10,1,28,55,274,275,1001,200210,200228,200255,Dehr,2002/10/rfe2002_10_01.v3.1.nc
2002-10-02,2002,10,2,28,55,275,276,1002,200210,200228,200255,Dehr,2002/10/rfe2002_10_02.v3.1.nc
2002-10-03,2002,10,3,28,55,276,277,1003,200210,200228,200255,Dehr,2002/10/rfe2002_10_03.v3.1.nc
2002-10-04,2002,10,4,28,55,277,278,1004,200210,200228,200255,Dehr,2002/10/rfe2002_10_04.v3.1.nc
2002-10-05,2002,10,5,28,55,278,279,1005,200210,200228,200255,Dehr,2002/10/rfe2002_10_05.v3.1.nc
2002-10-06,2002,10,6,28,56,279,280,1006,200210,200228,200256,Dehr,2002/10/rfe2002_10_06.v3.1.nc
2002-10-07,2002,10,7,28,56,280,281,1007,200210,200228,200256,Dehr,2002/10/rfe2002_10_07.v3.1.nc
2002-10-08,2002,10,8,28,56,281,282,1008,200210,200228,200256,Dehr,2002/10/rfe2002_10_08.v3.1.nc
2002-10-09,2002,10,9,28,56,282,283,1009,200210,200228,200256,Dehr,2002/10/rfe2002_10_09.v3.1.nc
2002-10-10,2002,10,10,28,56,283,284,1010,200210,200228,200256,Dehr,2002/10/rfe2002_10_10.v3.1.nc
2002-10-11,2002,10,11,29,57,284,285,1011,200210,200229,200257,Dehr,2002/10/rfe2002_10_11.v3.1.nc
2002-10-12,2002,10,12,29,57,285,286,1012,200210,200229,200257,Dehr,2002/10/rfe2002_10_12.v3.1.nc
2002-10-13,2002,10,13,29,57,286,287,1013,200210,200229,200257,Dehr,2002/10/rfe2002_10_13.v3.1.nc
2002-10-14,2002,10,14,29,57,287,288,1014,200210,200229,200257,Dehr,2002/10/rfe2002_10_14.v3.1.nc
2002-10-15,2002,10,15,29,57,288,289,1015,200210,200229,200257,Dehr,2002/10/rfe2002_10_15.v3.1.nc
2002-10-16,2002,10,16,29,58,289,290,1016,200210,200229,200258,Dehr,2002/10/rfe2002_10_16.v3.1.nc
2002-10-17,2002,10,17,29,58,290,291,1017,200210,200229,200258,Dehr,2002/10/rfe2002_10_17.v3.1.nc
2002-10-18,2002,10,18,29,58,291,292,1018,200210,200229,200258,Dehr,2002/10/rfe2002_10_18.v3.1.nc
2002-10-19,2002,10,19,29,58,292,293,1019,200210,200229,200258,Dehr,2002/10/rfe2002_10_19.v3.1.nc
2002-10-20,2002,10,20,29,58,293,294,1020,200210,200229,200258,Dehr,2002/10/rfe2002_10_20.v3.1.nc
2002-10-21,2002,10,21,30,59,294,295,1021,200210,200230,200259,Dehr,2002/10/rfe2002_10_21.v3.1.nc
2002-10-22,2002,10,22,30,59,295,296,1022,200210,200230,200259,Dehr,2002/10/rfe2002_10_22.v3.1.nc
2002-10-23,2002,10,23,30,59,296,297,1023,200210,200230,200259,Dehr,2002/10/rfe2002_10_23.v3.1.nc
2002-10-24,2002,10,24,30,59,297,298,1024,200210,200230,200259,Dehr,2002/10/rfe2002_10_24.v3.1.nc
2002-10-25,2002,10,25,30,59,298,299,1025,200210,200230,200259,Dehr,2002/10/rfe2002_10_25.v3.1.nc
2002-10-26,2002,10,26,30,60,299,300,1026,200210,200230,200260,Dehr,2002/10/rfe2002_10_26.v3.1.nc
2002-10-27,2002,10,27,30,60,300,301,1027,200210,200230,200260,Dehr,2002/10/rfe2002_10_27.v3.1.nc
2002-10-28,2002,10,28,30,60,301,302,1028,200210,200230,200260,Dehr,2002/10/rfe2002_10_28.v3.1.nc
2002-10-29,2002,10,29,30,60,302,303,1029,200210,200230,200260,Dehr,2002/10/rfe2002_10_29.v3.1.nc
2002-10-30,2002,10,30,30,60,303,304,1030,200210,200230,200260,Dehr,2002/10/rfe2002_10_30.v3.1.nc
2002-10-31,2002,10,31,30,60,304,305,1031,200210,200230,200260,Dehr,2002/10/rfe2002_10_31.v3.1.nc
2002-11-01,2002,11,1,31,61,305,306,1101,200211,200231,200261,Dehr,2002/11/rfe2002_11_01.v3.1.nc
2002-11-02,2002,11,2,31,61,306,307,1102,200211,200231,200261,Dehr,2002/11/rfe2002_11_02.v3.1.nc
2002-11-03,2002,11,3,31,61,307,308,1103,200211,200231,200261,Dehr,2002/11/rfe2002_11_03.v3.1.nc
2002-11-04,2002,11,4,31,61,308,309,1104,200211,200231,200261,Dehr,2002/11/rfe2002_11_04.v3.1.nc
2002-11-05,2002,11,5,31,61,309,310,1105,200211,200231,200261,Dehr,2002/11/rfe2002_11_05.v3.1.nc
2002-11-06,2002,11,6,31,62,310,311,1106,200211,200231,200262,Dehr,2002/11/rfe2002_11_06.v3.1.nc
2002-11-07,2002,11,7,31,62,311,312,1107,200211,200231,200262,Dehr,2002/11/rfe2002_11_07.v3.1.nc
2002-11-08,2002,11,8,31,62,312,313,1108,200211,200231,200262,Dehr,2002/11/rfe2002_11_08.v3.1.nc
2002-11-09,2002,11,9,31,62,313,314,1109,200211,200231,200262,Dehr,2002/11/rfe2002_11_09.v3.1.nc
2002-11-10,2002,11,10,31,62,314,315,1110,200211,200231,200262,Dehr,2002/11/rfe2002_11_10.v3.1.nc
2002-11-11,2002,11,11,32,63,315,316,1111,200211,200232,200263,Dehr,2002/11/rfe2002_11_11.v3.1.nc
2002-11-12,2002,11,12,32,63,316,317,1112,200211,200232,200263,Dehr,2002/11/rfe2002_11_12.v3.1.nc
2002-11-13,2002,11,13,32,63,317,318,1113,200211,200232,200263,Dehr,2002/11/rfe2002_11_13.v3.1.nc
2002-11-14,2002,11,14,32,63,318,319,1114,200211,200232,200263,Dehr,2002/11/rfe2002_11_14.v3.1.nc
2002-11-15,2002,11,15,32,63,319,320,1115,200211,200232,200263,Dehr,2002/11/rfe2002_11_15.v3.1.nc
2002-11-16,2002,11,16,32,64,320,321,1116,200211,200232,200264,Dehr,2002/11/rfe2002_11_16.v3.1.nc
2002-11-17,2002,11,17,32,64,321,322,1117,200211,200232,200264,Dehr,2002/11/rfe2002_11_17.v3.1.nc
2002-11-18,2002,11,18,32,64,322,323,1118,200211,200232,200264,Dehr,2002/11/rfe2002_11_18.v3.1.nc
2002-11-19,2002,11,19,32,64,323,324,1119,200211,200232,200264,Dehr,2002/11/rfe2002_11_19.v3.1.nc
2002-11-20,2002,11,20,32,64,324,325,1120,200211,200232,200264,Dehr,2002/11/rfe2002_11_20.v3.1.nc
2002-11-21,2002,11,21,33,65,325,326,1121,200211,200233,200265,Dehr,2002/11/rfe2002_11_21.v3.1.nc
2002-11-22,2002,11,22,33,65,326,327,1122,200211,200233,200265,Dehr,2002/11/rfe2002_11_22.v3.1.nc
2002-11-23,2002,11,23,33,65,327,328,1123,200211,200233,200265,Dehr,2002/11/rfe2002_11_23.v3.1.nc
2002-11-24,2002,11,24,33,65,328,329,1124,200211,200233,200265,Dehr,2002/11/rfe2002_11_24.v3.1.nc
2002-11-25,2002,11,25,33,65,329,330,1125,200211,200233,200265,Dehr,2002/11/rfe2002_11_25.v3.1.nc
2002-11-26,2002,11,26,33,66,330,331,1126,200211,200233,200266,Dehr,2002/11/rfe2002_11_26.v3.1.nc
2002-11-27,2002,11,27,33,66,331,332,1127,200211,200233,200266,Dehr,2002/11/rfe2002_11_27.v3.1.nc
2002-11-28,2002,11,28,33,66,332,333,1128,200211,200233,200266,Dehr,2002/11/rfe2002_11_28.v3.1.nc
2002-11-29,2002,11,29,33,66,333,334,1129,200211,200233,200266,Dehr,2002/11/rfe2002_11_29.v3.1.nc
2002-11-30,2002,11,30,33,66,334,335,1130,200211,200233,200266,Dehr,2002/11/rfe2002_11_30.v3.1.nc
2002-12-01,2002,12,1,34,67,335,336,1201,200212,200234,200267,Dehr,2002/12/rfe2002_12_01.v3.1.nc
2002-12-02,2002,12,2,34,67,336,337,1202,200212,200234,200267,Dehr,2002/12/rfe2002_12_02.v3.1.nc
2002-12-03,2002,12,3,34,67,337,338,1203,200212,200234,200267,Dehr,2002/12/rfe2002_12_03.v3.1.nc
2002-12-04,2002,12,4,34,67,338,339,1204,200212,200234,200267,Dehr,2002/12/rfe2002_12_04.v3.1.nc
2002-12-05,2002,12,5,34,67,339,340,1205,200212,200234,200267,Dehr,2002/12/rfe2002_12_05.v3.1.nc
2002-12-06,2002,12,6,34,68,340,341,1206,200212,200234,200268,Dehr,2002/12/rfe2002_12_06.v3.1.nc
2002-12-07,2002,12,7,34,68,341,342,1207,200212,200234,200268,Dehr,2002/12/rfe2002_12_07.v3.1.nc
2002-12-08,2002,12,8,34,68,342,343,1208,200212,200234,200268,Dehr,2002/12/rfe2002_12_08.v3.1.nc
2002-12-09,2002,12,9,34,68,343,344,1209,200212,200234,200268,Dehr,2002/12/rfe2002_12_09.v3.1.nc
2002-12-10,2002,12,10,34,68,344,345,1210,200212,200234,200268,Dehr,2002/12/rfe2002_12_10.v3.1.nc
2002-12-11,2002,12,11,35,69,345,346,1211,200212,200235,200269,Dehr,2002/12/rfe2002_12_11.v3.1.nc
2002-12-12,2002,12,12,35,69,346,347,1212,200212,200235,200269,Dehr,2002/12/rfe2002_12_12.v3.1.nc
2002-12-13,2002,12,13,35,69,347,348,1213,200212,200235,200269,Dehr,2002/12/rfe2002_12_13.v3.1.nc
2002-12-14,2002,12,14,35,69,348,349,1214,200212,200235,200269,Dehr,2002/12/rfe2002_12_14.v3.1.nc
2002-12-15,2002,12,15,35,69,349,350,1215,200212,200235,200269,Dehr,2002/12/rfe2002_12_15.v3.1.nc
2002-12-16,2002,12,16,35,70,350,351,1216,200212,200235,200270,Dehr,2002/12/rfe2002_12_16.v3.1.nc
2002-12-17,2002,12,17,35,70,351,352,1217,200212,200235,200270,Dehr,2002/12/rfe2002_12_17.v3.1.nc
2002-12-18,2002,12,18,35,70,352,353,1218,200212,200235,200270,Dehr,2002/12/rfe2002_12_18.v3.1.nc
2002-12-19,2002,12,19,35,70,353,354,1219,200212,200235,200270,Dehr,2002/12/rfe2002_12_19.v3.1.nc
2002-12-20,2002,12,20,35,70,354,355,1220,200212,200235,200270,Dehr,2002/12/rfe2002_12_20.v3.1.nc
2002-12-21,2002,12,21,36,71,355,356,1221,200212,200236,200271,Dehr,2002/12/rfe2002_12_21.v3.1.nc
2002-12-22,2002,12,22,36,71,356,357,1222,200212,200236,200271,Dehr,2002/12/rfe2002_12_22.v3.1.nc
2002-12-23,2002,12,23,36,71,357,358,1223,200212,200236,200271,Dehr,2002/12/rfe2002_12_23.v3.1.nc
2002-12-24,2002,12,24,36,71,358,359,1224,200212,200236,200271,Dehr,2002/12/rfe2002_12_24.v3.1.nc
2002-12-25,2002,12,25,36,71,359,360,1225,200212,200236,200271,Dehr,2002/12/rfe2002_12_25.v3.1.nc
2002-12-26,2002,12,26,36,72,360,361,1226,200212,200236,200272,Dehr,2002/12/rfe2002_12_26.v3.1.nc
2002-12-27,2002,12,27,36,72,361,362,1227,200212,200236,200272,Dehr,2002/12/rfe2002_12_27.v3.1.nc
2002-12-28,2002,12,28,36,72,362,363,1228,200212,200236,200272,Dehr,2002/12/rfe2002_12_28.v3.1.nc
2002-12-29,2002,12,29,36,72,363,364,1229,200212,200236,200272,Dehr,2002/12/rfe2002_12_29.v3.1.nc
2002-12-30,2002,12,30,36,72,364,365,1230,200212,200236,200272,Dehr,2002/12/rfe2002_12_30.v3.1.nc
2002-12-31,2002,12,31,36,72,365,366,1231,200212,200236,200272,Dehr,2002/12/rfe2002_12_31.v3.1.nc
